,,,,,,,,m,L,G,K,dT,T,,,,,,,,,,,,
Time,Alpha,Sx,Sy,Ep,Ek,Ec,,2kg,1m,-9.81,0.1,0.01s,4s,,,,,,,,,,,,
0,0.785,0.707,-0.707,5.747,0.005,5.751,,,,,,,,,,,,,,,,,,,
0.01,0.785,0.707,-0.708,5.737,0.019,5.756,,,,,,,,,,,,,,,,,,,
0.02,0.783,0.706,-0.709,5.718,0.043,5.761,,,,,,,,,,,,,,,,,,,
0.03,0.781,0.704,-0.71,5.689,0.077,5.766,,,,,,,,,,,,,,,,,,,
0.04,0.778,0.702,-0.712,5.651,0.12,5.77,,,,,,,,,,,,,,,,,,,
0.05,0.775,0.7,-0.714,5.603,0.172,5.775,,,,,,,,,,,,,,,,,,,
0.06,0.771,0.697,-0.717,5.546,0.233,5.78,,,,,,,,,,,,,,,,,,,
0.07,0.766,0.693,-0.721,5.48,0.304,5.784,,,,,,,,,,,,,,,,,,,
0.08,0.761,0.689,-0.724,5.406,0.383,5.789,,,,,,,,,,,,,,,,,,,
0.09,0.754,0.685,-0.729,5.322,0.471,5.793,,,,,,,,,,,,,,,,,,,
0.1,0.747,0.68,-0.733,5.23,0.567,5.798,,,,,,,,,,,,,,,,,,,
0.11,0.74,0.674,-0.739,5.13,0.672,5.802,,,,,,,,,,,,,,,,,,,
0.12,0.732,0.668,-0.744,5.022,0.784,5.806,,,,,,,,,,,,,,,,,,,
0.13,0.723,0.662,-0.75,4.907,0.903,5.81,,,,,,,,,,,,,,,,,,,
0.14,0.713,0.654,-0.756,4.784,1.03,5.814,,,,,,,,,,,,,,,,,,,
0.15,0.703,0.647,-0.763,4.655,1.163,5.818,,,,,,,,,,,,,,,,,,,
0.16,0.692,0.638,-0.77,4.519,1.303,5.821,,,,,,,,,,,,,,,,,,,
0.17,0.681,0.63,-0.777,4.377,1.448,5.825,,,,,,,,,,,,,,,,,,,
0.18,0.669,0.62,-0.784,4.229,1.599,5.828,,,,,,,,,,,,,,,,,,,
0.19,0.656,0.61,-0.792,4.077,1.755,5.832,,,,,,,,,,,,,,,,,,,
0.2,0.643,0.6,-0.8,3.919,1.915,5.835,,,,,,,,,,,,,,,,,,,
0.21,0.629,0.589,-0.808,3.758,2.08,5.838,,,,,,,,,,,,,,,,,,,
0.22,0.615,0.577,-0.817,3.593,2.247,5.84,,,,,,,,,,,,,,,,,,,
0.23,0.6,0.565,-0.825,3.425,2.418,5.843,,,,,,,,,,,,,,,,,,,
0.24,0.584,0.552,-0.834,3.255,2.591,5.846,,,,,,,,,,,,,,,,,,,
0.25,0.568,0.538,-0.843,3.083,2.765,5.848,,,,,,,,,,,,,,,,,,,
0.26,0.552,0.524,-0.852,2.91,2.941,5.85,,,,,,,,,,,,,,,,,,,
0.27,0.534,0.509,-0.861,2.736,3.116,5.852,,,,,,,,,,,,,,,,,,,
0.28,0.517,0.494,-0.869,2.562,3.292,5.854,,,,,,,,,,,,,,,,,,,
0.29,0.499,0.478,-0.878,2.389,3.467,5.856,,,,,,,,,,,,,,,,,,,
0.3,0.48,0.462,-0.887,2.217,3.64,5.858,,,,,,,,,,,,,,,,,,,
0.31,0.461,0.445,-0.896,2.048,3.812,5.859,,,,,,,,,,,,,,,,,,,
0.32,0.441,0.427,-0.904,1.881,3.98,5.861,,,,,,,,,,,,,,,,,,,
0.33,0.421,0.409,-0.912,1.717,4.145,5.862,,,,,,,,,,,,,,,,,,,
0.34,0.401,0.39,-0.921,1.557,4.306,5.863,,,,,,,,,,,,,,,,,,,
0.35,0.38,0.371,-0.929,1.402,4.462,5.864,,,,,,,,,,,,,,,,,,,
0.36,0.359,0.352,-0.936,1.252,4.612,5.865,,,,,,,,,,,,,,,,,,,
0.37,0.338,0.331,-0.943,1.109,4.757,5.866,,,,,,,,,,,,,,,,,,,
0.38,0.316,0.311,-0.951,0.971,4.895,5.866,,,,,,,,,,,,,,,,,,,
0.39,0.294,0.29,-0.957,0.841,5.026,5.867,,,,,,,,,,,,,,,,,,,
0.4,0.271,0.268,-0.963,0.718,5.149,5.867,,,,,,,,,,,,,,,,,,,
0.41,0.249,0.246,-0.969,0.604,5.264,5.868,,,,,,,,,,,,,,,,,,,
0.42,0.226,0.224,-0.975,0.498,5.37,5.868,,,,,,,,,,,,,,,,,,,
0.43,0.203,0.201,-0.98,0.401,5.467,5.868,,,,,,,,,,,,,,,,,,,
0.44,0.179,0.178,-0.984,0.314,5.554,5.868,,,,,,,,,,,,,,,,,,,
0.45,0.156,0.155,-0.988,0.237,5.631,5.868,,,,,,,,,,,,,,,,,,,
0.46,0.132,0.132,-0.991,0.17,5.698,5.868,,,,,,,,,,,,,,,,,,,
0.47,0.108,0.108,-0.994,0.114,5.754,5.868,,,,,,,,,,,,,,,,,,,
0.48,0.084,0.084,-0.996,0.069,5.799,5.868,,,,,,,,,,,,,,,,,,,
0.49,0.06,0.06,-0.998,0.035,5.833,5.868,,,,,,,,,,,,,,,,,,,
0.5,0.036,0.036,-0.999,0.013,5.855,5.868,,,,,,,,,,,,,,,,,,,
0.51,0.012,0.012,-1,0.001,5.867,5.868,,,,,,,,,,,,,,,,,,,
0.52,-0.013,-0.013,-1,0.002,5.866,5.868,,,,,,,,,,,,,,,,,,,
0.53,-0.037,-0.037,-0.999,0.013,5.854,5.868,,,,,,,,,,,,,,,,,,,
0.54,-0.061,-0.061,-0.998,0.036,5.831,5.868,,,,,,,,,,,,,,,,,,,
0.55,-0.085,-0.085,-0.996,0.071,5.796,5.868,,,,,,,,,,,,,,,,,,,
0.56,-0.109,-0.109,-0.994,0.117,5.751,5.868,,,,,,,,,,,,,,,,,,,
0.57,-0.133,-0.133,-0.991,0.174,5.694,5.868,,,,,,,,,,,,,,,,,,,
0.58,-0.157,-0.156,-0.988,0.242,5.626,5.868,,,,,,,,,,,,,,,,,,,
0.59,-0.181,-0.18,-0.984,0.32,5.548,5.868,,,,,,,,,,,,,,,,,,,
0.6,-0.204,-0.203,-0.979,0.408,5.46,5.868,,,,,,,,,,,,,,,,,,,
0.61,-0.228,-0.226,-0.974,0.506,5.362,5.868,,,,,,,,,,,,,,,,,,,
0.62,-0.251,-0.248,-0.969,0.614,5.254,5.868,,,,,,,,,,,,,,,,,,,
0.63,-0.274,-0.27,-0.963,0.731,5.138,5.869,,,,,,,,,,,,,,,,,,,
0.64,-0.296,-0.292,-0.956,0.856,5.013,5.869,,,,,,,,,,,,,,,,,,,
0.65,-0.319,-0.313,-0.95,0.989,4.881,5.87,,,,,,,,,,,,,,,,,,,
0.66,-0.341,-0.334,-0.942,1.129,4.741,5.87,,,,,,,,,,,,,,,,,,,
0.67,-0.363,-0.355,-0.935,1.277,4.595,5.871,,,,,,,,,,,,,,,,,,,
0.68,-0.384,-0.375,-0.927,1.43,4.442,5.872,,,,,,,,,,,,,,,,,,,
0.69,-0.405,-0.394,-0.919,1.589,4.284,5.873,,,,,,,,,,,,,,,,,,,
0.7,-0.426,-0.413,-0.911,1.753,4.121,5.874,,,,,,,,,,,,,,,,,,,
0.71,-0.446,-0.432,-0.902,1.921,3.954,5.876,,,,,,,,,,,,,,,,,,,
0.72,-0.466,-0.449,-0.893,2.093,3.784,5.877,,,,,,,,,,,,,,,,,,,
0.73,-0.486,-0.467,-0.884,2.268,3.611,5.878,,,,,,,,,,,,,,,,,,,
0.74,-0.505,-0.483,-0.875,2.445,3.435,5.88,,,,,,,,,,,,,,,,,,,
0.75,-0.523,-0.5,-0.866,2.624,3.258,5.882,,,,,,,,,,,,,,,,,,,
0.76,-0.541,-0.515,-0.857,2.803,3.081,5.884,,,,,,,,,,,,,,,,,,,
0.77,-0.559,-0.53,-0.848,2.983,2.903,5.886,,,,,,,,,,,,,,,,,,,
0.78,-0.576,-0.544,-0.839,3.163,2.726,5.888,,,,,,,,,,,,,,,,,,,
0.79,-0.592,-0.558,-0.83,3.341,2.549,5.891,,,,,,,,,,,,,,,,,,,
0.8,-0.608,-0.571,-0.821,3.518,2.375,5.893,,,,,,,,,,,,,,,,,,,
0.81,-0.624,-0.584,-0.812,3.693,2.203,5.896,,,,,,,,,,,,,,,,,,,
0.82,-0.638,-0.596,-0.803,3.865,2.034,5.899,,,,,,,,,,,,,,,,,,,
0.83,-0.653,-0.607,-0.794,4.033,1.869,5.902,,,,,,,,,,,,,,,,,,,
0.84,-0.666,-0.618,-0.786,4.198,1.708,5.905,,,,,,,,,,,,,,,,,,,
0.85,-0.679,-0.628,-0.778,4.357,1.551,5.909,,,,,,,,,,,,,,,,,,,
0.86,-0.692,-0.638,-0.77,4.512,1.4,5.912,,,,,,,,,,,,,,,,,,,
0.87,-0.704,-0.647,-0.762,4.661,1.255,5.916,,,,,,,,,,,,,,,,,,,
0.88,-0.715,-0.656,-0.755,4.805,1.115,5.92,,,,,,,,,,,,,,,,,,,
0.89,-0.726,-0.664,-0.748,4.941,0.982,5.924,,,,,,,,,,,,,,,,,,,
0.9,-0.735,-0.671,-0.742,5.071,0.857,5.928,,,,,,,,,,,,,,,,,,,
0.91,-0.745,-0.678,-0.735,5.193,0.738,5.932,,,,,,,,,,,,,,,,,,,
0.92,-0.753,-0.684,-0.729,5.308,0.628,5.936,,,,,,,,,,,,,,,,,,,
0.93,-0.761,-0.69,-0.724,5.415,0.526,5.94,,,,,,,,,,,,,,,,,,,
0.94,-0.768,-0.695,-0.719,5.513,0.432,5.945,,,,,,,,,,,,,,,,,,,
0.95,-0.775,-0.7,-0.714,5.603,0.346,5.95,,,,,,,,,,,,,,,,,,,
0.96,-0.781,-0.704,-0.71,5.684,0.27,5.954,,,,,,,,,,,,,,,,,,,
0.97,-0.786,-0.708,-0.707,5.756,0.203,5.959,,,,,,,,,,,,,,,,,,,
0.98,-0.791,-0.711,-0.703,5.819,0.145,5.964,,,,,,,,,,,,,,,,,,,
0.99,-0.794,-0.713,-0.701,5.872,0.096,5.969,,,,,,,,,,,,,,,,,,,
1,-0.798,-0.716,-0.698,5.916,0.058,5.973,,,,,,,,,,,,,,,,,,,
1.01,-0.8,-0.717,-0.697,5.949,0.029,5.978,,,,,,,,,,,,,,,,,,,
1.02,-0.802,-0.718,-0.696,5.973,0.01,5.983,,,,,,,,,,,,,,,,,,,
1.03,-0.803,-0.719,-0.695,5.987,0.001,5.988,,,,,,,,,,,,,,,,,,,
1.04,-0.803,-0.719,-0.695,5.992,0.002,5.993,,,,,,,,,,,,,,,,,,,
1.05,-0.802,-0.719,-0.695,5.986,0.013,5.998,,,,,,,,,,,,,,,,,,,
1.06,-0.801,-0.718,-0.696,5.97,0.033,6.003,,,,,,,,,,,,,,,,,,,
1.07,-0.8,-0.717,-0.697,5.944,0.064,6.008,,,,,,,,,,,,,,,,,,,
1.08,-0.797,-0.715,-0.699,5.909,0.104,6.013,,,,,,,,,,,,,,,,,,,
1.09,-0.794,-0.713,-0.701,5.863,0.155,6.018,,,,,,,,,,,,,,,,,,,
1.1,-0.79,-0.71,-0.704,5.809,0.214,6.023,,,,,,,,,,,,,,,,,,,
1.11,-0.785,-0.707,-0.707,5.744,0.283,6.027,,,,,,,,,,,,,,,,,,,
1.12,-0.78,-0.703,-0.711,5.671,0.362,6.032,,,,,,,,,,,,,,,,,,,
1.13,-0.774,-0.699,-0.715,5.588,0.449,6.037,,,,,,,,,,,,,,,,,,,
1.14,-0.767,-0.694,-0.72,5.496,0.545,6.041,,,,,,,,,,,,,,,,,,,
1.15,-0.76,-0.689,-0.725,5.396,0.65,6.046,,,,,,,,,,,,,,,,,,,
1.16,-0.752,-0.683,-0.73,5.288,0.762,6.05,,,,,,,,,,,,,,,,,,,
1.17,-0.743,-0.677,-0.736,5.171,0.883,6.054,,,,,,,,,,,,,,,,,,,
1.18,-0.734,-0.67,-0.743,5.047,1.011,6.058,,,,,,,,,,,,,,,,,,,
1.19,-0.724,-0.662,-0.749,4.916,1.147,6.062,,,,,,,,,,,,,,,,,,,
1.2,-0.713,-0.654,-0.756,4.777,1.289,6.066,,,,,,,,,,,,,,,,,,,
1.21,-0.702,-0.645,-0.764,4.633,1.437,6.07,,,,,,,,,,,,,,,,,,,
1.22,-0.69,-0.636,-0.772,4.482,1.591,6.073,,,,,,,,,,,,,,,,,,,
1.23,-0.677,-0.626,-0.78,4.326,1.751,6.077,,,,,,,,,,,,,,,,,,,
1.24,-0.664,-0.616,-0.788,4.165,1.916,6.08,,,,,,,,,,,,,,,,,,,
1.25,-0.65,-0.605,-0.796,3.999,2.085,6.083,,,,,,,,,,,,,,,,,,,
1.26,-0.635,-0.593,-0.805,3.829,2.257,6.086,,,,,,,,,,,,,,,,,,,
1.27,-0.62,-0.581,-0.814,3.656,2.433,6.089,,,,,,,,,,,,,,,,,,,
1.28,-0.605,-0.569,-0.823,3.48,2.612,6.092,,,,,,,,,,,,,,,,,,,
1.29,-0.589,-0.555,-0.832,3.302,2.793,6.094,,,,,,,,,,,,,,,,,,,
1.3,-0.572,-0.541,-0.841,3.122,2.975,6.097,,,,,,,,,,,,,,,,,,,
1.31,-0.555,-0.527,-0.85,2.941,3.158,6.099,,,,,,,,,,,,,,,,,,,
1.32,-0.537,-0.511,-0.859,2.76,3.341,6.101,,,,,,,,,,,,,,,,,,,
1.33,-0.519,-0.496,-0.869,2.58,3.523,6.103,,,,,,,,,,,,,,,,,,,
1.34,-0.5,-0.479,-0.878,2.4,3.705,6.105,,,,,,,,,,,,,,,,,,,
1.35,-0.481,-0.462,-0.887,2.222,3.884,6.106,,,,,,,,,,,,,,,,,,,
1.36,-0.461,-0.445,-0.896,2.047,4.061,6.108,,,,,,,,,,,,,,,,,,,
1.37,-0.441,-0.427,-0.904,1.875,4.234,6.109,,,,,,,,,,,,,,,,,,,
1.38,-0.42,-0.408,-0.913,1.706,4.404,6.11,,,,,,,,,,,,,,,,,,,
1.39,-0.399,-0.389,-0.921,1.542,4.569,6.111,,,,,,,,,,,,,,,,,,,
1.4,-0.378,-0.369,-0.929,1.383,4.729,6.112,,,,,,,,,,,,,,,,,,,
1.41,-0.356,-0.349,-0.937,1.23,4.883,6.113,,,,,,,,,,,,,,,,,,,
1.42,-0.334,-0.328,-0.945,1.084,5.03,6.114,,,,,,,,,,,,,,,,,,,
1.43,-0.312,-0.306,-0.952,0.944,5.17,6.115,,,,,,,,,,,,,,,,,,,
1.44,-0.289,-0.285,-0.959,0.812,5.303,6.115,,,,,,,,,,,,,,,,,,,
1.45,-0.266,-0.263,-0.965,0.689,5.427,6.115,,,,,,,,,,,,,,,,,,,
1.46,-0.242,-0.24,-0.971,0.574,5.542,6.116,,,,,,,,,,,,,,,,,,,
1.47,-0.219,-0.217,-0.976,0.468,5.648,6.116,,,,,,,,,,,,,,,,,,,
1.48,-0.195,-0.194,-0.981,0.372,5.744,6.116,,,,,,,,,,,,,,,,,,,
1.49,-0.171,-0.17,-0.985,0.287,5.83,6.116,,,,,,,,,,,,,,,,,,,
1.5,-0.147,-0.147,-0.989,0.212,5.905,6.116,,,,,,,,,,,,,,,,,,,
1.51,-0.123,-0.122,-0.992,0.148,5.969,6.116,,,,,,,,,,,,,,,,,,,
1.52,-0.098,-0.098,-0.995,0.095,6.022,6.116,,,,,,,,,,,,,,,,,,,
1.53,-0.074,-0.074,-0.997,0.053,6.063,6.116,,,,,,,,,,,,,,,,,,,
1.54,-0.049,-0.049,-0.999,0.024,6.092,6.116,,,,,,,,,,,,,,,,,,,
1.55,-0.024,-0.024,-1,0.006,6.11,6.116,,,,,,,,,,,,,,,,,,,
1.56,0,0,-1,0,6.116,6.116,,,,,,,,,,,,,,,,,,,
1.57,0.025,0.025,-1,0.006,6.11,6.116,,,,,,,,,,,,,,,,,,,
1.58,0.05,0.05,-0.999,0.024,6.091,6.116,,,,,,,,,,,,,,,,,,,
1.59,0.074,0.074,-0.997,0.054,6.061,6.116,,,,,,,,,,,,,,,,,,,
1.6,0.099,0.099,-0.995,0.096,6.019,6.116,,,,,,,,,,,,,,,,,,,
1.61,0.124,0.123,-0.992,0.15,5.966,6.116,,,,,,,,,,,,,,,,,,,
1.62,0.148,0.147,-0.989,0.214,5.901,6.116,,,,,,,,,,,,,,,,,,,
1.63,0.172,0.171,-0.985,0.29,5.825,6.116,,,,,,,,,,,,,,,,,,,
1.64,0.196,0.195,-0.981,0.377,5.739,6.116,,,,,,,,,,,,,,,,,,,
1.65,0.22,0.219,-0.976,0.474,5.641,6.116,,,,,,,,,,,,,,,,,,,
1.66,0.244,0.242,-0.97,0.582,5.534,6.116,,,,,,,,,,,,,,,,,,,
1.67,0.268,0.264,-0.964,0.698,5.418,6.117,,,,,,,,,,,,,,,,,,,
1.68,0.291,0.287,-0.958,0.824,5.293,6.117,,,,,,,,,,,,,,,,,,,
1.69,0.314,0.309,-0.951,0.959,5.159,6.117,,,,,,,,,,,,,,,,,,,
1.7,0.337,0.33,-0.944,1.101,5.017,6.118,,,,,,,,,,,,,,,,,,,
1.71,0.359,0.351,-0.936,1.251,4.868,6.119,,,,,,,,,,,,,,,,,,,
1.72,0.381,0.372,-0.928,1.408,4.712,6.12,,,,,,,,,,,,,,,,,,,
1.73,0.403,0.392,-0.92,1.57,4.55,6.121,,,,,,,,,,,,,,,,,,,
1.74,0.424,0.412,-0.911,1.738,4.383,6.122,,,,,,,,,,,,,,,,,,,
1.75,0.445,0.431,-0.903,1.911,4.212,6.123,,,,,,,,,,,,,,,,,,,
1.76,0.466,0.449,-0.894,2.088,4.036,6.124,,,,,,,,,,,,,,,,,,,
1.77,0.486,0.467,-0.884,2.269,3.857,6.126,,,,,,,,,,,,,,,,,,,
1.78,0.505,0.484,-0.875,2.452,3.675,6.128,,,,,,,,,,,,,,,,,,,
1.79,0.524,0.501,-0.866,2.637,3.492,6.129,,,,,,,,,,,,,,,,,,,
1.8,0.543,0.517,-0.856,2.824,3.307,6.131,,,,,,,,,,,,,,,,,,,
1.81,0.561,0.532,-0.847,3.011,3.122,6.133,,,,,,,,,,,,,,,,,,,
1.82,0.579,0.547,-0.837,3.198,2.938,6.136,,,,,,,,,,,,,,,,,,,
1.83,0.596,0.561,-0.827,3.385,2.754,6.138,,,,,,,,,,,,,,,,,,,
1.84,0.613,0.575,-0.818,3.57,2.571,6.141,,,,,,,,,,,,,,,,,,,
1.85,0.629,0.588,-0.809,3.753,2.391,6.144,,,,,,,,,,,,,,,,,,,
1.86,0.644,0.601,-0.8,3.933,2.214,6.146,,,,,,,,,,,,,,,,,,,
1.87,0.659,0.612,-0.791,4.11,2.04,6.15,,,,,,,,,,,,,,,,,,,
1.88,0.673,0.624,-0.782,4.283,1.87,6.153,,,,,,,,,,,,,,,,,,,
1.89,0.687,0.634,-0.773,4.452,1.704,6.156,,,,,,,,,,,,,,,,,,,
1.9,0.7,0.644,-0.765,4.616,1.544,6.16,,,,,,,,,,,,,,,,,,,
1.91,0.713,0.654,-0.757,4.774,1.389,6.163,,,,,,,,,,,,,,,,,,,
1.92,0.724,0.663,-0.749,4.926,1.241,6.167,,,,,,,,,,,,,,,,,,,
1.93,0.736,0.671,-0.741,5.072,1.099,6.171,,,,,,,,,,,,,,,,,,,
1.94,0.746,0.679,-0.734,5.211,0.965,6.175,,,,,,,,,,,,,,,,,,,
1.95,0.756,0.686,-0.728,5.342,0.837,6.18,,,,,,,,,,,,,,,,,,,
1.96,0.765,0.693,-0.721,5.466,0.718,6.184,,,,,,,,,,,,,,,,,,,
1.97,0.773,0.699,-0.716,5.582,0.607,6.188,,,,,,,,,,,,,,,,,,,
1.98,0.781,0.704,-0.71,5.689,0.504,6.193,,,,,,,,,,,,,,,,,,,
1.99,0.788,0.709,-0.705,5.787,0.41,6.198,,,,,,,,,,,,,,,,,,,
2,0.795,0.714,-0.7,5.877,0.326,6.202,,,,,,,,,,,,,,,,,,,
2.01,0.8,0.718,-0.696,5.957,0.25,6.207,,,,,,,,,,,,,,,,,,,
2.02,0.805,0.721,-0.693,6.027,0.185,6.212,,,,,,,,,,,,,,,,,,,
2.03,0.81,0.724,-0.69,6.088,0.129,6.217,,,,,,,,,,,,,,,,,,,
2.04,0.813,0.727,-0.687,6.139,0.083,6.222,,,,,,,,,,,,,,,,,,,
2.05,0.816,0.729,-0.685,6.18,0.047,6.227,,,,,,,,,,,,,,,,,,,
2.06,0.818,0.73,-0.683,6.211,0.021,6.232,,,,,,,,,,,,,,,,,,,
2.07,0.82,0.731,-0.682,6.232,0.005,6.237,,,,,,,,,,,,,,,,,,,
2.08,0.821,0.732,-0.682,6.243,0,6.243,,,,,,,,,,,,,,,,,,,
2.09,0.821,0.732,-0.682,6.243,0.005,6.248,,,,,,,,,,,,,,,,,,,
2.1,0.82,0.731,-0.682,6.233,0.02,6.253,,,,,,,,,,,,,,,,,,,
2.11,0.818,0.73,-0.683,6.212,0.046,6.258,,,,,,,,,,,,,,,,,,,
2.12,0.816,0.729,-0.685,6.182,0.082,6.263,,,,,,,,,,,,,,,,,,,
2.13,0.813,0.727,-0.687,6.141,0.127,6.268,,,,,,,,,,,,,,,,,,,
2.14,0.81,0.724,-0.69,6.09,0.183,6.273,,,,,,,,,,,,,,,,,,,
2.15,0.806,0.721,-0.693,6.029,0.249,6.278,,,,,,,,,,,,,,,,,,,
2.16,0.801,0.718,-0.696,5.959,0.324,6.283,,,,,,,,,,,,,,,,,,,
2.17,0.795,0.714,-0.7,5.879,0.409,6.288,,,,,,,,,,,,,,,,,,,
2.18,0.789,0.709,-0.705,5.79,0.503,6.293,,,,,,,,,,,,,,,,,,,
2.19,0.781,0.704,-0.71,5.691,0.606,6.297,,,,,,,,,,,,,,,,,,,
2.2,0.774,0.699,-0.715,5.584,0.717,6.302,,,,,,,,,,,,,,,,,,,
2.21,0.765,0.693,-0.721,5.469,0.838,6.306,,,,,,,,,,,,,,,,,,,
2.22,0.756,0.686,-0.728,5.345,0.966,6.31,,,,,,,,,,,,,,,,,,,
2.23,0.746,0.679,-0.734,5.213,1.101,6.315,,,,,,,,,,,,,,,,,,,
2.24,0.736,0.671,-0.741,5.074,1.244,6.319,,,,,,,,,,,,,,,,,,,
2.25,0.725,0.663,-0.749,4.928,1.394,6.323,,,,,,,,,,,,,,,,,,,
2.26,0.713,0.654,-0.757,4.776,1.551,6.326,,,,,,,,,,,,,,,,,,,
2.27,0.7,0.644,-0.765,4.617,1.713,6.33,,,,,,,,,,,,,,,,,,,
2.28,0.687,0.634,-0.773,4.453,1.881,6.334,,,,,,,,,,,,,,,,,,,
2.29,0.673,0.624,-0.782,4.284,2.053,6.337,,,,,,,,,,,,,,,,,,,
2.3,0.659,0.612,-0.791,4.11,2.23,6.34,,,,,,,,,,,,,,,,,,,
2.31,0.644,0.601,-0.8,3.932,2.411,6.343,,,,,,,,,,,,,,,,,,,
2.32,0.629,0.588,-0.809,3.751,2.595,6.346,,,,,,,,,,,,,,,,,,,
2.33,0.613,0.575,-0.818,3.567,2.781,6.349,,,,,,,,,,,,,,,,,,,
2.34,0.596,0.561,-0.828,3.382,2.97,6.351,,,,,,,,,,,,,,,,,,,
2.35,0.579,0.547,-0.837,3.194,3.159,6.354,,,,,,,,,,,,,,,,,,,
2.36,0.561,0.532,-0.847,3.006,3.35,6.356,,,,,,,,,,,,,,,,,,,
2.37,0.543,0.516,-0.856,2.818,3.54,6.358,,,,,,,,,,,,,,,,,,,
2.38,0.524,0.5,-0.866,2.63,3.73,6.36,,,,,,,,,,,,,,,,,,,
2.39,0.504,0.483,-0.875,2.444,3.918,6.362,,,,,,,,,,,,,,,,,,,
2.4,0.485,0.466,-0.885,2.26,4.104,6.363,,,,,,,,,,,,,,,,,,,
2.41,0.464,0.448,-0.894,2.078,4.287,6.365,,,,,,,,,,,,,,,,,,,
2.42,0.444,0.429,-0.903,1.9,4.466,6.366,,,,,,,,,,,,,,,,,,,
2.43,0.423,0.41,-0.912,1.726,4.641,6.367,,,,,,,,,,,,,,,,,,,
2.44,0.401,0.39,-0.921,1.557,4.812,6.368,,,,,,,,,,,,,,,,,,,
2.45,0.379,0.37,-0.929,1.393,4.976,6.369,,,,,,,,,,,,,,,,,,,
2.46,0.357,0.349,-0.937,1.236,5.134,6.37,,,,,,,,,,,,,,,,,,,
2.47,0.334,0.328,-0.945,1.085,5.286,6.371,,,,,,,,,,,,,,,,,,,
2.48,0.311,0.306,-0.952,0.942,5.429,6.371,,,,,,,,,,,,,,,,,,,
2.49,0.288,0.284,-0.959,0.807,5.565,6.372,,,,,,,,,,,,,,,,,,,
2.5,0.264,0.261,-0.965,0.681,5.691,6.372,,,,,,,,,,,,,,,,,,,
2.51,0.24,0.238,-0.971,0.564,5.808,6.372,,,,,,,,,,,,,,,,,,,
2.52,0.216,0.215,-0.977,0.457,5.916,6.373,,,,,,,,,,,,,,,,,,,
2.53,0.192,0.191,-0.982,0.36,6.012,6.373,,,,,,,,,,,,,,,,,,,
2.54,0.167,0.167,-0.986,0.274,6.098,6.373,,,,,,,,,,,,,,,,,,,
2.55,0.143,0.142,-0.99,0.2,6.173,6.373,,,,,,,,,,,,,,,,,,,
2.56,0.118,0.118,-0.993,0.136,6.237,6.373,,,,,,,,,,,,,,,,,,,
2.57,0.093,0.093,-0.996,0.085,6.288,6.373,,,,,,,,,,,,,,,,,,,
2.58,0.068,0.068,-0.998,0.045,6.328,6.373,,,,,,,,,,,,,,,,,,,
2.59,0.043,0.043,-0.999,0.018,6.355,6.373,,,,,,,,,,,,,,,,,,,
2.6,0.017,0.017,-1,0.003,6.37,6.373,,,,,,,,,,,,,,,,,,,
2.61,-0.008,-0.008,-1,0.001,6.372,6.372,,,,,,,,,,,,,,,,,,,
2.62,-0.033,-0.033,-0.999,0.011,6.362,6.372,,,,,,,,,,,,,,,,,,,
2.63,-0.058,-0.058,-0.998,0.033,6.339,6.372,,,,,,,,,,,,,,,,,,,
2.64,-0.083,-0.083,-0.997,0.068,6.304,6.372,,,,,,,,,,,,,,,,,,,
2.65,-0.108,-0.108,-0.994,0.115,6.257,6.372,,,,,,,,,,,,,,,,,,,
2.66,-0.134,-0.133,-0.991,0.175,6.197,6.372,,,,,,,,,,,,,,,,,,,
2.67,-0.158,-0.158,-0.987,0.246,6.126,6.372,,,,,,,,,,,,,,,,,,,
2.68,-0.183,-0.182,-0.983,0.328,6.044,6.372,,,,,,,,,,,,,,,,,,,
2.69,-0.208,-0.206,-0.978,0.422,5.95,6.372,,,,,,,,,,,,,,,,,,,
2.7,-0.232,-0.23,-0.973,0.526,5.846,6.373,,,,,,,,,,,,,,,,,,,
2.71,-0.256,-0.254,-0.967,0.641,5.732,6.373,,,,,,,,,,,,,,,,,,,
2.72,-0.28,-0.277,-0.961,0.765,5.608,6.373,,,,,,,,,,,,,,,,,,,
2.73,-0.304,-0.299,-0.954,0.899,5.474,6.374,,,,,,,,,,,,,,,,,,,
2.74,-0.327,-0.322,-0.947,1.042,5.332,6.374,,,,,,,,,,,,,,,,,,,
2.75,-0.35,-0.343,-0.939,1.192,5.183,6.375,,,,,,,,,,,,,,,,,,,
2.76,-0.373,-0.365,-0.931,1.35,5.025,6.376,,,,,,,,,,,,,,,,,,,
2.77,-0.396,-0.385,-0.923,1.515,4.861,6.377,,,,,,,,,,,,,,,,,,,
2.78,-0.418,-0.406,-0.914,1.686,4.691,6.378,,,,,,,,,,,,,,,,,,,
2.79,-0.439,-0.425,-0.905,1.863,4.516,6.379,,,,,,,,,,,,,,,,,,,
2.8,-0.461,-0.444,-0.896,2.044,4.336,6.38,,,,,,,,,,,,,,,,,,,
2.81,-0.481,-0.463,-0.886,2.23,4.152,6.382,,,,,,,,,,,,,,,,,,,
2.82,-0.502,-0.481,-0.877,2.418,3.965,6.383,,,,,,,,,,,,,,,,,,,
2.83,-0.522,-0.498,-0.867,2.61,3.775,6.385,,,,,,,,,,,,,,,,,,,
2.84,-0.541,-0.515,-0.857,2.803,3.584,6.387,,,,,,,,,,,,,,,,,,,
2.85,-0.56,-0.531,-0.847,2.997,3.392,6.389,,,,,,,,,,,,,,,,,,,
2.86,-0.578,-0.547,-0.837,3.192,3.199,6.391,,,,,,,,,,,,,,,,,,,
2.87,-0.596,-0.562,-0.827,3.386,3.007,6.394,,,,,,,,,,,,,,,,,,,
2.88,-0.614,-0.576,-0.818,3.58,2.816,6.396,,,,,,,,,,,,,,,,,,,
2.89,-0.63,-0.59,-0.808,3.772,2.627,6.399,,,,,,,,,,,,,,,,,,,
2.9,-0.647,-0.603,-0.798,3.961,2.44,6.402,,,,,,,,,,,,,,,,,,,
2.91,-0.662,-0.615,-0.789,4.148,2.257,6.405,,,,,,,,,,,,,,,,,,,
2.92,-0.677,-0.627,-0.779,4.331,2.077,6.408,,,,,,,,,,,,,,,,,,,
2.93,-0.692,-0.638,-0.77,4.51,1.902,6.411,,,,,,,,,,,,,,,,,,,
2.94,-0.706,-0.648,-0.761,4.684,1.731,6.415,,,,,,,,,,,,,,,,,,,
2.95,-0.719,-0.658,-0.753,4.852,1.566,6.419,,,,,,,,,,,,,,,,,,,
2.96,-0.731,-0.668,-0.744,5.015,1.407,6.422,,,,,,,,,,,,,,,,,,,
2.97,-0.743,-0.677,-0.736,5.172,1.255,6.426,,,,,,,,,,,,,,,,,,,
2.98,-0.754,-0.685,-0.729,5.321,1.109,6.431,,,,,,,,,,,,,,,,,,,
2.99,-0.765,-0.692,-0.722,5.464,0.971,6.435,,,,,,,,,,,,,,,,,,,
3,-0.775,-0.699,-0.715,5.598,0.841,6.439,,,,,,,,,,,,,,,,,,,
3.01,-0.784,-0.706,-0.708,5.725,0.719,6.444,,,,,,,,,,,,,,,,,,,
3.02,-0.792,-0.712,-0.702,5.843,0.606,6.448,,,,,,,,,,,,,,,,,,,
3.03,-0.8,-0.717,-0.697,5.952,0.501,6.453,,,,,,,,,,,,,,,,,,,
3.04,-0.807,-0.722,-0.692,6.052,0.406,6.458,,,,,,,,,,,,,,,,,,,
3.05,-0.814,-0.727,-0.687,6.142,0.321,6.463,,,,,,,,,,,,,,,,,,,
3.06,-0.819,-0.731,-0.683,6.223,0.245,6.468,,,,,,,,,,,,,,,,,,,
3.07,-0.824,-0.734,-0.679,6.294,0.179,6.473,,,,,,,,,,,,,,,,,,,
3.08,-0.828,-0.737,-0.676,6.355,0.123,6.478,,,,,,,,,,,,,,,,,,,
3.09,-0.832,-0.739,-0.673,6.406,0.077,6.483,,,,,,,,,,,,,,,,,,,
3.1,-0.835,-0.741,-0.671,6.446,0.042,6.489,,,,,,,,,,,,,,,,,,,
3.11,-0.837,-0.742,-0.67,6.476,0.018,6.494,,,,,,,,,,,,,,,,,,,
3.12,-0.838,-0.743,-0.669,6.496,0.004,6.499,,,,,,,,,,,,,,,,,,,
3.13,-0.839,-0.744,-0.668,6.504,0,6.504,,,,,,,,,,,,,,,,,,,
3.14,-0.838,-0.744,-0.669,6.502,0.007,6.51,,,,,,,,,,,,,,,,,,,
3.15,-0.838,-0.743,-0.669,6.49,0.025,6.515,,,,,,,,,,,,,,,,,,,
3.16,-0.836,-0.742,-0.67,6.467,0.054,6.52,,,,,,,,,,,,,,,,,,,
3.17,-0.834,-0.74,-0.672,6.433,0.093,6.526,,,,,,,,,,,,,,,,,,,
3.18,-0.831,-0.738,-0.674,6.389,0.142,6.531,,,,,,,,,,,,,,,,,,,
3.19,-0.827,-0.736,-0.677,6.334,0.202,6.536,,,,,,,,,,,,,,,,,,,
3.2,-0.822,-0.733,-0.68,6.269,0.272,6.541,,,,,,,,,,,,,,,,,,,
3.21,-0.817,-0.729,-0.684,6.195,0.352,6.546,,,,,,,,,,,,,,,,,,,
3.22,-0.811,-0.725,-0.689,6.11,0.441,6.551,,,,,,,,,,,,,,,,,,,
3.23,-0.805,-0.721,-0.693,6.016,0.54,6.556,,,,,,,,,,,,,,,,,,,
3.24,-0.797,-0.715,-0.699,5.912,0.649,6.561,,,,,,,,,,,,,,,,,,,
3.25,-0.789,-0.71,-0.704,5.8,0.766,6.566,,,,,,,,,,,,,,,,,,,
3.26,-0.78,-0.704,-0.711,5.678,0.892,6.57,,,,,,,,,,,,,,,,,,,
3.27,-0.771,-0.697,-0.717,5.549,1.026,6.574,,,,,,,,,,,,,,,,,,,
3.28,-0.761,-0.69,-0.724,5.411,1.168,6.579,,,,,,,,,,,,,,,,,,,
3.29,-0.75,-0.682,-0.732,5.266,1.317,6.583,,,,,,,,,,,,,,,,,,,
3.3,-0.739,-0.673,-0.739,5.113,1.474,6.587,,,,,,,,,,,,,,,,,,,
3.31,-0.726,-0.664,-0.748,4.954,1.637,6.591,,,,,,,,,,,,,,,,,,,
3.32,-0.714,-0.655,-0.756,4.788,1.806,6.595,,,,,,,,,,,,,,,,,,,
3.33,-0.7,-0.644,-0.765,4.617,1.981,6.598,,,,,,,,,,,,,,,,,,,
3.34,-0.686,-0.634,-0.774,4.44,2.161,6.602,,,,,,,,,,,,,,,,,,,
3.35,-0.671,-0.622,-0.783,4.259,2.346,6.605,,,,,,,,,,,,,,,,,,,
3.36,-0.656,-0.61,-0.792,4.074,2.534,6.608,,,,,,,,,,,,,,,,,,,
3.37,-0.64,-0.597,-0.802,3.886,2.725,6.611,,,,,,,,,,,,,,,,,,,
3.38,-0.624,-0.584,-0.812,3.694,2.919,6.614,,,,,,,,,,,,,,,,,,,
3.39,-0.607,-0.57,-0.822,3.501,3.115,6.616,,,,,,,,,,,,,,,,,,,
3.4,-0.589,-0.556,-0.832,3.306,3.313,6.619,,,,,,,,,,,,,,,,,,,
3.41,-0.571,-0.54,-0.841,3.11,3.511,6.621,,,,,,,,,,,,,,,,,,,
3.42,-0.552,-0.524,-0.851,2.914,3.709,6.623,,,,,,,,,,,,,,,,,,,
3.43,-0.533,-0.508,-0.861,2.719,3.906,6.625,,,,,,,,,,,,,,,,,,,
3.44,-0.513,-0.491,-0.871,2.526,4.101,6.627,,,,,,,,,,,,,,,,,,,
3.45,-0.493,-0.473,-0.881,2.334,4.294,6.628,,,,,,,,,,,,,,,,,,,
3.46,-0.472,-0.455,-0.891,2.146,4.484,6.63,,,,,,,,,,,,,,,,,,,
3.47,-0.451,-0.436,-0.9,1.961,4.671,6.631,,,,,,,,,,,,,,,,,,,
3.48,-0.429,-0.416,-0.909,1.78,4.852,6.632,,,,,,,,,,,,,,,,,,,
3.49,-0.407,-0.396,-0.918,1.605,5.029,6.634,,,,,,,,,,,,,,,,,,,
3.5,-0.385,-0.375,-0.927,1.435,5.2,6.634,,,,,,,,,,,,,,,,,,,
3.51,-0.362,-0.354,-0.935,1.272,5.364,6.635,,,,,,,,,,,,,,,,,,,
3.52,-0.339,-0.332,-0.943,1.116,5.52,6.636,,,,,,,,,,,,,,,,,,,
3.53,-0.315,-0.31,-0.951,0.968,5.669,6.637,,,,,,,,,,,,,,,,,,,
3.54,-0.292,-0.287,-0.958,0.828,5.809,6.637,,,,,,,,,,,,,,,,,,,
3.55,-0.267,-0.264,-0.964,0.697,5.94,6.637,,,,,,,,,,,,,,,,,,,
3.56,-0.243,-0.241,-0.971,0.577,6.061,6.638,,,,,,,,,,,,,,,,,,,
3.57,-0.218,-0.217,-0.976,0.466,6.172,6.638,,,,,,,,,,,,,,,,,,,
3.58,-0.194,-0.192,-0.981,0.367,6.272,6.638,,,,,,,,,,,,,,,,,,,
3.59,-0.169,-0.168,-0.986,0.278,6.36,6.638,,,,,,,,,,,,,,,,,,,
3.6,-0.143,-0.143,-0.99,0.201,6.437,6.638,,,,,,,,,,,,,,,,,,,
3.61,-0.118,-0.118,-0.993,0.136,6.502,6.638,,,,,,,,,,,,,,,,,,,
3.62,-0.092,-0.092,-0.996,0.084,6.554,6.638,,,,,,,,,,,,,,,,,,,
3.63,-0.067,-0.067,-0.998,0.044,6.594,6.638,,,,,,,,,,,,,,,,,,,
3.64,-0.041,-0.041,-0.999,0.017,6.621,6.638,,,,,,,,,,,,,,,,,,,
3.65,-0.015,-0.015,-1,0.002,6.636,6.638,,,,,,,,,,,,,,,,,,,
3.66,0.01,0.01,-1,0.001,6.637,6.638,,,,,,,,,,,,,,,,,,,
3.67,0.036,0.036,-0.999,0.013,6.625,6.638,,,,,,,,,,,,,,,,,,,
3.68,0.062,0.062,-0.998,0.037,6.6,6.638,,,,,,,,,,,,,,,,,,,
3.69,0.087,0.087,-0.996,0.075,6.562,6.637,,,,,,,,,,,,,,,,,,,
3.7,0.113,0.113,-0.994,0.125,6.512,6.637,,,,,,,,,,,,,,,,,,,
3.71,0.139,0.138,-0.99,0.188,6.449,6.637,,,,,,,,,,,,,,,,,,,
3.72,0.164,0.163,-0.987,0.263,6.374,6.637,,,,,,,,,,,,,,,,,,,
3.73,0.189,0.188,-0.982,0.35,6.287,6.637,,,,,,,,,,,,,,,,,,,
3.74,0.214,0.213,-0.977,0.449,6.189,6.638,,,,,,,,,,,,,,,,,,,
3.75,0.239,0.237,-0.972,0.559,6.079,6.638,,,,,,,,,,,,,,,,,,,
3.76,0.264,0.261,-0.965,0.679,5.959,6.638,,,,,,,,,,,,,,,,,,,
3.77,0.288,0.284,-0.959,0.81,5.829,6.639,,,,,,,,,,,,,,,,,,,
3.78,0.312,0.307,-0.952,0.95,5.689,6.639,,,,,,,,,,,,,,,,,,,
3.79,0.336,0.33,-0.944,1.099,5.541,6.64,,,,,,,,,,,,,,,,,,,
3.8,0.36,0.352,-0.936,1.256,5.384,6.64,,,,,,,,,,,,,,,,,,,
3.81,0.383,0.374,-0.928,1.422,5.219,6.641,,,,,,,,,,,,,,,,,,,
3.82,0.406,0.395,-0.919,1.594,5.048,6.642,,,,,,,,,,,,,,,,,,,
3.83,0.428,0.415,-0.91,1.772,4.871,6.643,,,,,,,,,,,,,,,,,,,
3.84,0.45,0.435,-0.9,1.957,4.688,6.644,,,,,,,,,,,,,,,,,,,
3.85,0.472,0.455,-0.891,2.146,4.5,6.646,,,,,,,,,,,,,,,,,,,
3.86,0.493,0.474,-0.881,2.339,4.308,6.647,,,,,,,,,,,,,,,,,,,
3.87,0.514,0.492,-0.871,2.535,4.113,6.649,,,,,,,,,,,,,,,,,,,
3.88,0.534,0.509,-0.861,2.735,3.916,6.651,,,,,,,,,,,,,,,,,,,
3.89,0.554,0.526,-0.85,2.936,3.717,6.653,,,,,,,,,,,,,,,,,,,
3.9,0.573,0.542,-0.84,3.138,3.517,6.655,,,,,,,,,,,,,,,,,,,
3.91,0.592,0.558,-0.83,3.34,3.317,6.657,,,,,,,,,,,,,,,,,,,
3.92,0.61,0.573,-0.819,3.542,3.117,6.66,,,,,,,,,,,,,,,,,,,
3.93,0.628,0.588,-0.809,3.743,2.919,6.662,,,,,,,,,,,,,,,,,,,
3.94,0.645,0.601,-0.799,3.943,2.722,6.665,,,,,,,,,,,,,,,,,,,
3.95,0.662,0.614,-0.789,4.139,2.529,6.668,,,,,,,,,,,,,,,,,,,
3.96,0.677,0.627,-0.779,4.333,2.338,6.671,,,,,,,,,,,,,,,,,,,
3.97,0.693,0.639,-0.769,4.523,2.152,6.674,,,,,,,,,,,,,,,,,,,
3.98,0.707,0.65,-0.76,4.708,1.97,6.678,,,,,,,,,,,,,,,,,,,
3.99,0.721,0.66,-0.751,4.889,1.793,6.682,,,,,,,,,,,,,,,,,,,
4,0.735,0.67,-0.742,5.064,1.622,6.685,,,,,,,,,,,,,,,,,,,
,,,,,,,,,,,,,,,,,,,,,,,,,
,,,,,,,,m,L,G,K,dT,T,,,,,,,,,,,,
Time,Alpha,Sx,Sy,Ep,Ek,Ec,,2kg,1m,-9.81,0.1,0.01s,4s,,,,,,,,,,,,
0,0.785,0.707,-0.708,5.737,0.005,5.742,,,,,,,,,,,,,,,,,,,
0.01,0.783,0.706,-0.709,5.718,0.019,5.737,,,,,,,,,,,,,,,,,,,
0.02,0.781,0.704,-0.71,5.689,0.043,5.732,,,,,,,,,,,,,,,,,,,
0.03,0.778,0.702,-0.712,5.651,0.076,5.727,,,,,,,,,,,,,,,,,,,
0.04,0.775,0.7,-0.714,5.603,0.119,5.722,,,,,,,,,,,,,,,,,,,
0.05,0.771,0.697,-0.717,5.547,0.171,5.718,,,,,,,,,,,,,,,,,,,
0.06,0.766,0.693,-0.721,5.481,0.232,5.713,,,,,,,,,,,,,,,,,,,
0.07,0.761,0.689,-0.724,5.407,0.301,5.708,,,,,,,,,,,,,,,,,,,
0.08,0.754,0.685,-0.729,5.323,0.38,5.703,,,,,,,,,,,,,,,,,,,
0.09,0.748,0.68,-0.733,5.232,0.466,5.698,,,,,,,,,,,,,,,,,,,
0.1,0.74,0.674,-0.738,5.133,0.561,5.693,,,,,,,,,,,,,,,,,,,
0.11,0.732,0.668,-0.744,5.025,0.663,5.688,,,,,,,,,,,,,,,,,,,
0.12,0.723,0.662,-0.75,4.91,0.773,5.683,,,,,,,,,,,,,,,,,,,
0.13,0.714,0.655,-0.756,4.789,0.89,5.678,,,,,,,,,,,,,,,,,,,
0.14,0.704,0.647,-0.762,4.66,1.013,5.673,,,,,,,,,,,,,,,,,,,
0.15,0.693,0.639,-0.769,4.525,1.143,5.668,,,,,,,,,,,,,,,,,,,
0.16,0.682,0.63,-0.777,4.384,1.279,5.663,,,,,,,,,,,,,,,,,,,
0.17,0.67,0.621,-0.784,4.238,1.42,5.658,,,,,,,,,,,,,,,,,,,
0.18,0.657,0.611,-0.792,4.087,1.566,5.653,,,,,,,,,,,,,,,,,,,
0.19,0.644,0.6,-0.8,3.931,1.717,5.648,,,,,,,,,,,,,,,,,,,
0.2,0.63,0.589,-0.808,3.771,1.871,5.642,,,,,,,,,,,,,,,,,,,
0.21,0.616,0.578,-0.816,3.608,2.029,5.637,,,,,,,,,,,,,,,,,,,
0.22,0.601,0.566,-0.825,3.442,2.19,5.632,,,,,,,,,,,,,,,,,,,
0.23,0.586,0.553,-0.833,3.274,2.353,5.627,,,,,,,,,,,,,,,,,,,
0.24,0.57,0.54,-0.842,3.103,2.518,5.621,,,,,,,,,,,,,,,,,,,
0.25,0.554,0.526,-0.851,2.932,2.684,5.616,,,,,,,,,,,,,,,,,,,
0.26,0.537,0.511,-0.859,2.76,2.851,5.611,,,,,,,,,,,,,,,,,,,
0.27,0.519,0.496,-0.868,2.588,3.017,5.605,,,,,,,,,,,,,,,,,,,
0.28,0.502,0.481,-0.877,2.417,3.183,5.6,,,,,,,,,,,,,,,,,,,
0.29,0.483,0.465,-0.885,2.247,3.347,5.594,,,,,,,,,,,,,,,,,,,
0.3,0.465,0.448,-0.894,2.08,3.51,5.589,,,,,,,,,,,,,,,,,,,
0.31,0.445,0.431,-0.902,1.914,3.669,5.584,,,,,,,,,,,,,,,,,,,
0.32,0.426,0.413,-0.911,1.752,3.826,5.578,,,,,,,,,,,,,,,,,,,
0.33,0.406,0.395,-0.919,1.594,3.979,5.573,,,,,,,,,,,,,,,,,,,
0.34,0.386,0.376,-0.927,1.44,4.127,5.567,,,,,,,,,,,,,,,,,,,
0.35,0.365,0.357,-0.934,1.292,4.27,5.562,,,,,,,,,,,,,,,,,,,
0.36,0.344,0.337,-0.941,1.149,4.407,5.556,,,,,,,,,,,,,,,,,,,
0.37,0.323,0.317,-0.948,1.012,4.539,5.551,,,,,,,,,,,,,,,,,,,
0.38,0.301,0.296,-0.955,0.882,4.663,5.545,,,,,,,,,,,,,,,,,,,
0.39,0.279,0.275,-0.961,0.759,4.78,5.54,,,,,,,,,,,,,,,,,,,
0.4,0.257,0.254,-0.967,0.644,4.89,5.534,,,,,,,,,,,,,,,,,,,
0.41,0.235,0.232,-0.973,0.538,4.991,5.529,,,,,,,,,,,,,,,,,,,
0.42,0.212,0.21,-0.978,0.44,5.084,5.523,,,,,,,,,,,,,,,,,,,
0.43,0.189,0.188,-0.982,0.351,5.167,5.518,,,,,,,,,,,,,,,,,,,
0.44,0.166,0.166,-0.986,0.271,5.241,5.512,,,,,,,,,,,,,,,,,,,
0.45,0.143,0.143,-0.99,0.201,5.305,5.507,,,,,,,,,,,,,,,,,,,
0.46,0.12,0.12,-0.993,0.142,5.36,5.501,,,,,,,,,,,,,,,,,,,
0.47,0.097,0.097,-0.995,0.092,5.404,5.496,,,,,,,,,,,,,,,,,,,
0.48,0.074,0.074,-0.997,0.053,5.437,5.49,,,,,,,,,,,,,,,,,,,
0.49,0.05,0.05,-0.999,0.025,5.46,5.485,,,,,,,,,,,,,,,,,,,
0.5,0.027,0.027,-1,0.007,5.472,5.479,,,,,,,,,,,,,,,,,,,
0.51,0.003,0.003,-1,0,5.474,5.474,,,,,,,,,,,,,,,,,,,
0.52,-0.02,-0.02,-1,0.004,5.464,5.468,,,,,,,,,,,,,,,,,,,
0.53,-0.043,-0.043,-0.999,0.018,5.444,5.463,,,,,,,,,,,,,,,,,,,
0.54,-0.067,-0.067,-0.998,0.043,5.414,5.457,,,,,,,,,,,,,,,,,,,
0.55,-0.09,-0.09,-0.996,0.079,5.373,5.452,,,,,,,,,,,,,,,,,,,
0.56,-0.113,-0.113,-0.994,0.125,5.322,5.446,,,,,,,,,,,,,,,,,,,
0.57,-0.136,-0.135,-0.991,0.181,5.26,5.441,,,,,,,,,,,,,,,,,,,
0.58,-0.159,-0.158,-0.987,0.246,5.189,5.436,,,,,,,,,,,,,,,,,,,
0.59,-0.181,-0.18,-0.984,0.321,5.109,5.43,,,,,,,,,,,,,,,,,,,
0.6,-0.204,-0.202,-0.979,0.405,5.019,5.425,,,,,,,,,,,,,,,,,,,
0.61,-0.226,-0.224,-0.975,0.498,4.921,5.419,,,,,,,,,,,,,,,,,,,
0.62,-0.248,-0.245,-0.969,0.599,4.815,5.414,,,,,,,,,,,,,,,,,,,
0.63,-0.269,-0.266,-0.964,0.708,4.701,5.409,,,,,,,,,,,,,,,,,,,
0.64,-0.291,-0.287,-0.958,0.824,4.579,5.403,,,,,,,,,,,,,,,,,,,
0.65,-0.312,-0.307,-0.952,0.947,4.451,5.398,,,,,,,,,,,,,,,,,,,
0.66,-0.333,-0.327,-0.945,1.076,4.316,5.392,,,,,,,,,,,,,,,,,,,
0.67,-0.353,-0.346,-0.938,1.211,4.176,5.387,,,,,,,,,,,,,,,,,,,
0.68,-0.373,-0.365,-0.931,1.351,4.031,5.382,,,,,,,,,,,,,,,,,,,
0.69,-0.393,-0.383,-0.924,1.496,3.881,5.376,,,,,,,,,,,,,,,,,,,
0.7,-0.412,-0.401,-0.916,1.644,3.727,5.371,,,,,,,,,,,,,,,,,,,
0.71,-0.431,-0.418,-0.908,1.796,3.57,5.366,,,,,,,,,,,,,,,,,,,
0.72,-0.45,-0.435,-0.901,1.95,3.41,5.361,,,,,,,,,,,,,,,,,,,
0.73,-0.468,-0.451,-0.893,2.107,3.248,5.355,,,,,,,,,,,,,,,,,,,
0.74,-0.485,-0.466,-0.885,2.265,3.085,5.35,,,,,,,,,,,,,,,,,,,
0.75,-0.502,-0.482,-0.876,2.424,2.921,5.345,,,,,,,,,,,,,,,,,,,
0.76,-0.519,-0.496,-0.868,2.584,2.756,5.34,,,,,,,,,,,,,,,,,,,
0.77,-0.535,-0.51,-0.86,2.742,2.592,5.335,,,,,,,,,,,,,,,,,,,
0.78,-0.551,-0.523,-0.852,2.901,2.429,5.33,,,,,,,,,,,,,,,,,,,
0.79,-0.566,-0.536,-0.844,3.057,2.268,5.325,,,,,,,,,,,,,,,,,,,
0.8,-0.58,-0.548,-0.836,3.212,2.108,5.32,,,,,,,,,,,,,,,,,,,
0.81,-0.594,-0.56,-0.829,3.364,1.951,5.315,,,,,,,,,,,,,,,,,,,
0.82,-0.608,-0.571,-0.821,3.512,1.797,5.31,,,,,,,,,,,,,,,,,,,
0.83,-0.621,-0.581,-0.814,3.657,1.647,5.305,,,,,,,,,,,,,,,,,,,
0.84,-0.633,-0.591,-0.806,3.798,1.501,5.3,,,,,,,,,,,,,,,,,,,
0.85,-0.644,-0.601,-0.799,3.935,1.36,5.295,,,,,,,,,,,,,,,,,,,
0.86,-0.655,-0.61,-0.793,4.066,1.224,5.29,,,,,,,,,,,,,,,,,,,
0.87,-0.666,-0.618,-0.786,4.192,1.093,5.285,,,,,,,,,,,,,,,,,,,
0.88,-0.676,-0.626,-0.78,4.312,0.968,5.281,,,,,,,,,,,,,,,,,,,
0.89,-0.685,-0.633,-0.774,4.426,0.85,5.276,,,,,,,,,,,,,,,,,,,
0.9,-0.694,-0.639,-0.769,4.533,0.738,5.271,,,,,,,,,,,,,,,,,,,
0.91,-0.702,-0.645,-0.764,4.634,0.633,5.267,,,,,,,,,,,,,,,,,,,
0.92,-0.709,-0.651,-0.759,4.727,0.535,5.262,,,,,,,,,,,,,,,,,,,
0.93,-0.716,-0.656,-0.755,4.812,0.445,5.257,,,,,,,,,,,,,,,,,,,
0.94,-0.722,-0.661,-0.751,4.89,0.363,5.253,,,,,,,,,,,,,,,,,,,
0.95,-0.727,-0.665,-0.747,4.96,0.288,5.248,,,,,,,,,,,,,,,,,,,
0.96,-0.732,-0.668,-0.744,5.022,0.222,5.244,,,,,,,,,,,,,,,,,,,
0.97,-0.736,-0.671,-0.741,5.075,0.164,5.239,,,,,,,,,,,,,,,,,,,
0.98,-0.739,-0.674,-0.739,5.12,0.115,5.235,,,,,,,,,,,,,,,,,,,
0.99,-0.742,-0.676,-0.737,5.156,0.074,5.23,,,,,,,,,,,,,,,,,,,
1,-0.744,-0.677,-0.736,5.183,0.043,5.226,,,,,,,,,,,,,,,,,,,
1.01,-0.745,-0.678,-0.735,5.202,0.02,5.221,,,,,,,,,,,,,,,,,,,
1.02,-0.746,-0.679,-0.734,5.212,0.005,5.217,,,,,,,,,,,,,,,,,,,
1.03,-0.746,-0.679,-0.734,5.212,0,5.212,,,,,,,,,,,,,,,,,,,
1.04,-0.746,-0.678,-0.735,5.204,0.004,5.208,,,,,,,,,,,,,,,,,,,
1.05,-0.744,-0.677,-0.736,5.188,0.016,5.204,,,,,,,,,,,,,,,,,,,
1.06,-0.742,-0.676,-0.737,5.162,0.037,5.199,,,,,,,,,,,,,,,,,,,
1.07,-0.74,-0.674,-0.739,5.128,0.067,5.195,,,,,,,,,,,,,,,,,,,
1.08,-0.736,-0.672,-0.741,5.085,0.105,5.19,,,,,,,,,,,,,,,,,,,
1.09,-0.733,-0.669,-0.743,5.033,0.152,5.186,,,,,,,,,,,,,,,,,,,
1.1,-0.728,-0.665,-0.746,4.974,0.208,5.181,,,,,,,,,,,,,,,,,,,
1.11,-0.723,-0.661,-0.75,4.906,0.271,5.177,,,,,,,,,,,,,,,,,,,
1.12,-0.717,-0.657,-0.754,4.83,0.342,5.172,,,,,,,,,,,,,,,,,,,
1.13,-0.71,-0.652,-0.758,4.747,0.421,5.168,,,,,,,,,,,,,,,,,,,
1.14,-0.703,-0.647,-0.763,4.656,0.507,5.163,,,,,,,,,,,,,,,,,,,
1.15,-0.696,-0.641,-0.768,4.558,0.6,5.159,,,,,,,,,,,,,,,,,,,
1.16,-0.687,-0.634,-0.773,4.454,0.701,5.154,,,,,,,,,,,,,,,,,,,
1.17,-0.678,-0.627,-0.779,4.342,0.807,5.15,,,,,,,,,,,,,,,,,,,
1.18,-0.669,-0.62,-0.785,4.225,0.92,5.145,,,,,,,,,,,,,,,,,,,
1.19,-0.658,-0.612,-0.791,4.102,1.039,5.14,,,,,,,,,,,,,,,,,,,
1.2,-0.648,-0.603,-0.797,3.973,1.163,5.136,,,,,,,,,,,,,,,,,,,
1.21,-0.636,-0.594,-0.804,3.839,1.292,5.131,,,,,,,,,,,,,,,,,,,
1.22,-0.624,-0.585,-0.811,3.701,1.425,5.126,,,,,,,,,,,,,,,,,,,
1.23,-0.612,-0.574,-0.819,3.559,1.562,5.122,,,,,,,,,,,,,,,,,,,
1.24,-0.599,-0.564,-0.826,3.413,1.703,5.117,,,,,,,,,,,,,,,,,,,
1.25,-0.585,-0.552,-0.834,3.265,1.848,5.112,,,,,,,,,,,,,,,,,,,
1.26,-0.571,-0.541,-0.841,3.113,1.994,5.107,,,,,,,,,,,,,,,,,,,
1.27,-0.556,-0.528,-0.849,2.96,2.143,5.103,,,,,,,,,,,,,,,,,,,
1.28,-0.541,-0.515,-0.857,2.805,2.293,5.098,,,,,,,,,,,,,,,,,,,
1.29,-0.526,-0.502,-0.865,2.648,2.444,5.093,,,,,,,,,,,,,,,,,,,
1.3,-0.51,-0.488,-0.873,2.492,2.596,5.088,,,,,,,,,,,,,,,,,,,
1.31,-0.493,-0.473,-0.881,2.336,2.747,5.083,,,,,,,,,,,,,,,,,,,
1.32,-0.476,-0.458,-0.889,2.18,2.898,5.078,,,,,,,,,,,,,,,,,,,
1.33,-0.458,-0.443,-0.897,2.026,3.047,5.073,,,,,,,,,,,,,,,,,,,
1.34,-0.441,-0.426,-0.905,1.873,3.195,5.068,,,,,,,,,,,,,,,,,,,
1.35,-0.422,-0.41,-0.912,1.723,3.34,5.063,,,,,,,,,,,,,,,,,,,
1.36,-0.404,-0.393,-0.92,1.576,3.482,5.058,,,,,,,,,,,,,,,,,,,
1.37,-0.385,-0.375,-0.927,1.433,3.62,5.053,,,,,,,,,,,,,,,,,,,
1.38,-0.365,-0.357,-0.934,1.294,3.755,5.048,,,,,,,,,,,,,,,,,,,
1.39,-0.345,-0.339,-0.941,1.159,3.884,5.043,,,,,,,,,,,,,,,,,,,
1.4,-0.325,-0.32,-0.948,1.03,4.009,5.038,,,,,,,,,,,,,,,,,,,
1.41,-0.305,-0.3,-0.954,0.906,4.127,5.033,,,,,,,,,,,,,,,,,,,
1.42,-0.284,-0.281,-0.96,0.789,4.24,5.028,,,,,,,,,,,,,,,,,,,
1.43,-0.264,-0.261,-0.965,0.678,4.346,5.023,,,,,,,,,,,,,,,,,,,
1.44,-0.243,-0.24,-0.971,0.574,4.444,5.018,,,,,,,,,,,,,,,,,,,
1.45,-0.221,-0.219,-0.976,0.478,4.535,5.013,,,,,,,,,,,,,,,,,,,
1.46,-0.2,-0.198,-0.98,0.39,4.618,5.008,,,,,,,,,,,,,,,,,,,
1.47,-0.178,-0.177,-0.984,0.31,4.693,5.003,,,,,,,,,,,,,,,,,,,
1.48,-0.156,-0.156,-0.988,0.239,4.76,4.998,,,,,,,,,,,,,,,,,,,
1.49,-0.134,-0.134,-0.991,0.177,4.817,4.994,,,,,,,,,,,,,,,,,,,
1.5,-0.112,-0.112,-0.994,0.123,4.865,4.989,,,,,,,,,,,,,,,,,,,
1.51,-0.09,-0.09,-0.996,0.08,4.904,4.984,,,,,,,,,,,,,,,,,,,
1.52,-0.068,-0.068,-0.998,0.045,4.933,4.979,,,,,,,,,,,,,,,,,,,
1.53,-0.046,-0.046,-0.999,0.02,4.953,4.974,,,,,,,,,,,,,,,,,,,
1.54,-0.023,-0.023,-1,0.005,4.963,4.969,,,,,,,,,,,,,,,,,,,
1.55,-0.001,-0.001,-1,0,4.964,4.964,,,,,,,,,,,,,,,,,,,
1.56,0.021,0.021,-1,0.004,4.954,4.959,,,,,,,,,,,,,,,,,,,
1.57,0.044,0.043,-0.999,0.019,4.935,4.954,,,,,,,,,,,,,,,,,,,
1.58,0.066,0.066,-0.998,0.042,4.906,4.949,,,,,,,,,,,,,,,,,,,
1.59,0.088,0.088,-0.996,0.075,4.868,4.944,,,,,,,,,,,,,,,,,,,
1.6,0.11,0.109,-0.994,0.118,4.821,4.939,,,,,,,,,,,,,,,,,,,
1.61,0.132,0.131,-0.991,0.17,4.764,4.934,,,,,,,,,,,,,,,,,,,
1.62,0.153,0.153,-0.988,0.23,4.699,4.929,,,,,,,,,,,,,,,,,,,
1.63,0.175,0.174,-0.985,0.299,4.625,4.924,,,,,,,,,,,,,,,,,,,
1.64,0.196,0.195,-0.981,0.376,4.543,4.919,,,,,,,,,,,,,,,,,,,
1.65,0.217,0.215,-0.977,0.461,4.453,4.914,,,,,,,,,,,,,,,,,,,
1.66,0.238,0.236,-0.972,0.553,4.356,4.909,,,,,,,,,,,,,,,,,,,
1.67,0.259,0.256,-0.967,0.653,4.252,4.904,,,,,,,,,,,,,,,,,,,
1.68,0.279,0.275,-0.961,0.759,4.141,4.9,,,,,,,,,,,,,,,,,,,
1.69,0.299,0.295,-0.956,0.871,4.024,4.895,,,,,,,,,,,,,,,,,,,
1.7,0.319,0.314,-0.95,0.989,3.901,4.89,,,,,,,,,,,,,,,,,,,
1.71,0.338,0.332,-0.943,1.112,3.773,4.885,,,,,,,,,,,,,,,,,,,
1.72,0.357,0.35,-0.937,1.24,3.64,4.88,,,,,,,,,,,,,,,,,,,
1.73,0.376,0.367,-0.93,1.372,3.504,4.875,,,,,,,,,,,,,,,,,,,
1.74,0.394,0.384,-0.923,1.507,3.364,4.871,,,,,,,,,,,,,,,,,,,
1.75,0.412,0.401,-0.916,1.645,3.221,4.866,,,,,,,,,,,,,,,,,,,
1.76,0.43,0.417,-0.909,1.786,3.075,4.861,,,,,,,,,,,,,,,,,,,
1.77,0.447,0.432,-0.902,1.929,2.928,4.856,,,,,,,,,,,,,,,,,,,
1.78,0.464,0.447,-0.894,2.072,2.779,4.852,,,,,,,,,,,,,,,,,,,
1.79,0.48,0.462,-0.887,2.217,2.63,4.847,,,,,,,,,,,,,,,,,,,
1.8,0.496,0.476,-0.88,2.362,2.48,4.842,,,,,,,,,,,,,,,,,,,
1.81,0.511,0.489,-0.872,2.507,2.331,4.838,,,,,,,,,,,,,,,,,,,
1.82,0.526,0.502,-0.865,2.65,2.183,4.833,,,,,,,,,,,,,,,,,,,
1.83,0.54,0.514,-0.858,2.793,2.036,4.828,,,,,,,,,,,,,,,,,,,
1.84,0.554,0.526,-0.851,2.933,1.891,4.824,,,,,,,,,,,,,,,,,,,
1.85,0.567,0.537,-0.843,3.071,1.748,4.819,,,,,,,,,,,,,,,,,,,
1.86,0.58,0.548,-0.837,3.206,1.609,4.815,,,,,,,,,,,,,,,,,,,
1.87,0.592,0.558,-0.83,3.338,1.473,4.81,,,,,,,,,,,,,,,,,,,
1.88,0.603,0.568,-0.823,3.466,1.34,4.806,,,,,,,,,,,,,,,,,,,
1.89,0.614,0.577,-0.817,3.589,1.212,4.801,,,,,,,,,,,,,,,,,,,
1.9,0.625,0.585,-0.811,3.708,1.089,4.797,,,,,,,,,,,,,,,,,,,
1.91,0.635,0.593,-0.805,3.822,0.971,4.793,,,,,,,,,,,,,,,,,,,
1.92,0.644,0.6,-0.8,3.931,0.858,4.788,,,,,,,,,,,,,,,,,,,
1.93,0.653,0.607,-0.794,4.033,0.751,4.784,,,,,,,,,,,,,,,,,,,
1.94,0.661,0.614,-0.79,4.13,0.65,4.78,,,,,,,,,,,,,,,,,,,
1.95,0.668,0.62,-0.785,4.22,0.555,4.775,,,,,,,,,,,,,,,,,,,
1.96,0.675,0.625,-0.781,4.304,0.468,4.771,,,,,,,,,,,,,,,,,,,
1.97,0.681,0.63,-0.777,4.38,0.387,4.767,,,,,,,,,,,,,,,,,,,
1.98,0.687,0.634,-0.773,4.45,0.313,4.763,,,,,,,,,,,,,,,,,,,
1.99,0.692,0.638,-0.77,4.512,0.247,4.759,,,,,,,,,,,,,,,,,,,
2,0.696,0.641,-0.767,4.566,0.188,4.754,,,,,,,,,,,,,,,,,,,
2.01,0.7,0.644,-0.765,4.613,0.137,4.75,,,,,,,,,,,,,,,,,,,
2.02,0.703,0.647,-0.763,4.652,0.094,4.746,,,,,,,,,,,,,,,,,,,
2.03,0.705,0.648,-0.761,4.683,0.059,4.742,,,,,,,,,,,,,,,,,,,
2.04,0.707,0.65,-0.76,4.706,0.032,4.738,,,,,,,,,,,,,,,,,,,
2.05,0.708,0.651,-0.759,4.72,0.013,4.734,,,,,,,,,,,,,,,,,,,
2.06,0.709,0.651,-0.759,4.727,0.003,4.73,,,,,,,,,,,,,,,,,,,
2.07,0.709,0.651,-0.759,4.726,0,4.726,,,,,,,,,,,,,,,,,,,
2.08,0.708,0.65,-0.76,4.716,0.006,4.722,,,,,,,,,,,,,,,,,,,
2.09,0.707,0.649,-0.761,4.698,0.019,4.718,,,,,,,,,,,,,,,,,,,
2.1,0.705,0.648,-0.762,4.672,0.041,4.713,,,,,,,,,,,,,,,,,,,
2.11,0.702,0.646,-0.764,4.638,0.071,4.709,,,,,,,,,,,,,,,,,,,
2.12,0.699,0.643,-0.766,4.597,0.108,4.705,,,,,,,,,,,,,,,,,,,
2.13,0.695,0.64,-0.768,4.547,0.154,4.701,,,,,,,,,,,,,,,,,,,
2.14,0.69,0.637,-0.771,4.49,0.207,4.697,,,,,,,,,,,,,,,,,,,
2.15,0.685,0.633,-0.774,4.426,0.267,4.693,,,,,,,,,,,,,,,,,,,
2.16,0.679,0.628,-0.778,4.355,0.334,4.689,,,,,,,,,,,,,,,,,,,
2.17,0.673,0.623,-0.782,4.276,0.409,4.685,,,,,,,,,,,,,,,,,,,
2.18,0.666,0.618,-0.786,4.191,0.49,4.681,,,,,,,,,,,,,,,,,,,
2.19,0.658,0.612,-0.791,4.099,0.577,4.676,,,,,,,,,,,,,,,,,,,
2.2,0.65,0.605,-0.796,4.001,0.671,4.672,,,,,,,,,,,,,,,,,,,
2.21,0.641,0.598,-0.801,3.898,0.77,4.668,,,,,,,,,,,,,,,,,,,
2.22,0.632,0.591,-0.807,3.789,0.875,4.664,,,,,,,,,,,,,,,,,,,
2.23,0.622,0.583,-0.813,3.674,0.985,4.659,,,,,,,,,,,,,,,,,,,
2.24,0.611,0.574,-0.819,3.555,1.1,4.655,,,,,,,,,,,,,,,,,,,
2.25,0.6,0.565,-0.825,3.432,1.219,4.651,,,,,,,,,,,,,,,,,,,
2.26,0.589,0.555,-0.832,3.304,1.342,4.647,,,,,,,,,,,,,,,,,,,
2.27,0.577,0.545,-0.838,3.173,1.469,4.642,,,,,,,,,,,,,,,,,,,
2.28,0.564,0.535,-0.845,3.039,1.598,4.638,,,,,,,,,,,,,,,,,,,
2.29,0.551,0.523,-0.852,2.903,1.731,4.634,,,,,,,,,,,,,,,,,,,
2.3,0.537,0.512,-0.859,2.764,1.865,4.629,,,,,,,,,,,,,,,,,,,
2.31,0.523,0.5,-0.866,2.624,2.001,4.625,,,,,,,,,,,,,,,,,,,
2.32,0.508,0.487,-0.873,2.482,2.138,4.62,,,,,,,,,,,,,,,,,,,
2.33,0.493,0.474,-0.881,2.34,2.276,4.616,,,,,,,,,,,,,,,,,,,
2.34,0.478,0.46,-0.888,2.198,2.414,4.612,,,,,,,,,,,,,,,,,,,
2.35,0.462,0.446,-0.895,2.056,2.551,4.607,,,,,,,,,,,,,,,,,,,
2.36,0.445,0.431,-0.902,1.915,2.688,4.603,,,,,,,,,,,,,,,,,,,
2.37,0.429,0.416,-0.91,1.775,2.823,4.598,,,,,,,,,,,,,,,,,,,
2.38,0.411,0.4,-0.917,1.637,2.956,4.594,,,,,,,,,,,,,,,,,,,
2.39,0.394,0.384,-0.923,1.502,3.087,4.589,,,,,,,,,,,,,,,,,,,
2.4,0.376,0.367,-0.93,1.37,3.215,4.585,,,,,,,,,,,,,,,,,,,
2.41,0.358,0.35,-0.937,1.241,3.339,4.58,,,,,,,,,,,,,,,,,,,
2.42,0.339,0.333,-0.943,1.117,3.459,4.576,,,,,,,,,,,,,,,,,,,
2.43,0.32,0.315,-0.949,0.997,3.574,4.571,,,,,,,,,,,,,,,,,,,
2.44,0.301,0.296,-0.955,0.882,3.685,4.567,,,,,,,,,,,,,,,,,,,
2.45,0.281,0.278,-0.961,0.772,3.79,4.562,,,,,,,,,,,,,,,,,,,
2.46,0.262,0.259,-0.966,0.668,3.889,4.558,,,,,,,,,,,,,,,,,,,
2.47,0.242,0.239,-0.971,0.571,3.982,4.553,,,,,,,,,,,,,,,,,,,
2.48,0.222,0.22,-0.976,0.48,4.069,4.548,,,,,,,,,,,,,,,,,,,
2.49,0.201,0.2,-0.98,0.396,4.148,4.544,,,,,,,,,,,,,,,,,,,
2.5,0.181,0.18,-0.984,0.319,4.22,4.539,,,,,,,,,,,,,,,,,,,
2.51,0.16,0.159,-0.987,0.25,4.285,4.535,,,,,,,,,,,,,,,,,,,
2.52,0.139,0.139,-0.99,0.189,4.341,4.53,,,,,,,,,,,,,,,,,,,
2.53,0.118,0.118,-0.993,0.137,4.389,4.526,,,,,,,,,,,,,,,,,,,
2.54,0.097,0.097,-0.995,0.092,4.429,4.521,,,,,,,,,,,,,,,,,,,
2.55,0.076,0.076,-0.997,0.057,4.46,4.517,,,,,,,,,,,,,,,,,,,
2.56,0.055,0.055,-0.999,0.029,4.483,4.512,,,,,,,,,,,,,,,,,,,
2.57,0.034,0.034,-0.999,0.011,4.497,4.508,,,,,,,,,,,,,,,,,,,
2.58,0.012,0.012,-1,0.001,4.502,4.503,,,,,,,,,,,,,,,,,,,
2.59,-0.009,-0.009,-1,0.001,4.498,4.499,,,,,,,,,,,,,,,,,,,
2.6,-0.03,-0.03,-1,0.009,4.485,4.494,,,,,,,,,,,,,,,,,,,
2.61,-0.051,-0.051,-0.999,0.026,4.464,4.49,,,,,,,,,,,,,,,,,,,
2.62,-0.072,-0.072,-0.997,0.051,4.434,4.485,,,,,,,,,,,,,,,,,,,
2.63,-0.093,-0.093,-0.996,0.085,4.395,4.481,,,,,,,,,,,,,,,,,,,
2.64,-0.114,-0.114,-0.993,0.128,4.349,4.476,,,,,,,,,,,,,,,,,,,
2.65,-0.135,-0.134,-0.991,0.178,4.294,4.472,,,,,,,,,,,,,,,,,,,
2.66,-0.155,-0.155,-0.988,0.237,4.231,4.467,,,,,,,,,,,,,,,,,,,
2.67,-0.176,-0.175,-0.985,0.303,4.16,4.463,,,,,,,,,,,,,,,,,,,
2.68,-0.196,-0.195,-0.981,0.376,4.083,4.458,,,,,,,,,,,,,,,,,,,
2.69,-0.216,-0.214,-0.977,0.456,3.998,4.454,,,,,,,,,,,,,,,,,,,
2.7,-0.236,-0.234,-0.972,0.543,3.906,4.45,,,,,,,,,,,,,,,,,,,
2.71,-0.255,-0.253,-0.968,0.636,3.809,4.445,,,,,,,,,,,,,,,,,,,
2.72,-0.275,-0.271,-0.963,0.735,3.705,4.441,,,,,,,,,,,,,,,,,,,
2.73,-0.294,-0.289,-0.957,0.84,3.597,4.436,,,,,,,,,,,,,,,,,,,
2.74,-0.312,-0.307,-0.952,0.949,3.483,4.432,,,,,,,,,,,,,,,,,,,
2.75,-0.331,-0.325,-0.946,1.063,3.365,4.428,,,,,,,,,,,,,,,,,,,
2.76,-0.349,-0.342,-0.94,1.18,3.243,4.423,,,,,,,,,,,,,,,,,,,
2.77,-0.366,-0.358,-0.934,1.302,3.117,4.419,,,,,,,,,,,,,,,,,,,
2.78,-0.384,-0.374,-0.927,1.426,2.988,4.414,,,,,,,,,,,,,,,,,,,
2.79,-0.401,-0.39,-0.921,1.553,2.857,4.41,,,,,,,,,,,,,,,,,,,
2.8,-0.417,-0.405,-0.914,1.682,2.724,4.406,,,,,,,,,,,,,,,,,,,
2.81,-0.433,-0.42,-0.908,1.812,2.59,4.402,,,,,,,,,,,,,,,,,,,
2.82,-0.449,-0.434,-0.901,1.943,2.454,4.397,,,,,,,,,,,,,,,,,,,
2.83,-0.464,-0.448,-0.894,2.075,2.318,4.393,,,,,,,,,,,,,,,,,,,
2.84,-0.479,-0.461,-0.888,2.206,2.182,4.389,,,,,,,,,,,,,,,,,,,
2.85,-0.493,-0.473,-0.881,2.338,2.047,4.385,,,,,,,,,,,,,,,,,,,
2.86,-0.507,-0.486,-0.874,2.468,1.913,4.38,,,,,,,,,,,,,,,,,,,
2.87,-0.52,-0.497,-0.868,2.596,1.78,4.376,,,,,,,,,,,,,,,,,,,
2.88,-0.533,-0.508,-0.861,2.723,1.649,4.372,,,,,,,,,,,,,,,,,,,
2.89,-0.545,-0.519,-0.855,2.847,1.52,4.368,,,,,,,,,,,,,,,,,,,
2.9,-0.557,-0.529,-0.849,2.969,1.395,4.364,,,,,,,,,,,,,,,,,,,
2.91,-0.569,-0.538,-0.843,3.087,1.273,4.36,,,,,,,,,,,,,,,,,,,
2.92,-0.579,-0.547,-0.837,3.202,1.154,4.356,,,,,,,,,,,,,,,,,,,
2.93,-0.59,-0.556,-0.831,3.312,1.04,4.352,,,,,,,,,,,,,,,,,,,
2.94,-0.599,-0.564,-0.826,3.418,0.93,4.348,,,,,,,,,,,,,,,,,,,
2.95,-0.608,-0.571,-0.821,3.519,0.825,4.344,,,,,,,,,,,,,,,,,,,
2.96,-0.617,-0.578,-0.816,3.615,0.725,4.34,,,,,,,,,,,,,,,,,,,
2.97,-0.625,-0.585,-0.811,3.706,0.63,4.336,,,,,,,,,,,,,,,,,,,
2.98,-0.632,-0.591,-0.807,3.791,0.541,4.332,,,,,,,,,,,,,,,,,,,
2.99,-0.639,-0.596,-0.803,3.87,0.458,4.328,,,,,,,,,,,,,,,,,,,
3,-0.645,-0.601,-0.799,3.942,0.382,4.324,,,,,,,,,,,,,,,,,,,
3.01,-0.651,-0.606,-0.796,4.008,0.312,4.32,,,,,,,,,,,,,,,,,,,
3.02,-0.656,-0.61,-0.793,4.068,0.249,4.316,,,,,,,,,,,,,,,,,,,
3.03,-0.66,-0.613,-0.79,4.12,0.192,4.313,,,,,,,,,,,,,,,,,,,
3.04,-0.664,-0.616,-0.788,4.166,0.143,4.309,,,,,,,,,,,,,,,,,,,
3.05,-0.667,-0.619,-0.786,4.204,0.101,4.305,,,,,,,,,,,,,,,,,,,
3.06,-0.67,-0.621,-0.784,4.236,0.066,4.301,,,,,,,,,,,,,,,,,,,
3.07,-0.671,-0.622,-0.783,4.259,0.038,4.297,,,,,,,,,,,,,,,,,,,
3.08,-0.673,-0.623,-0.782,4.276,0.018,4.294,,,,,,,,,,,,,,,,,,,
3.09,-0.674,-0.624,-0.782,4.285,0.005,4.29,,,,,,,,,,,,,,,,,,,
3.1,-0.674,-0.624,-0.782,4.286,0,4.286,,,,,,,,,,,,,,,,,,,
3.11,-0.673,-0.623,-0.782,4.28,0.002,4.282,,,,,,,,,,,,,,,,,,,
3.12,-0.672,-0.623,-0.783,4.266,0.012,4.279,,,,,,,,,,,,,,,,,,,
3.13,-0.67,-0.621,-0.784,4.245,0.029,4.275,,,,,,,,,,,,,,,,,,,
3.14,-0.668,-0.619,-0.785,4.217,0.054,4.271,,,,,,,,,,,,,,,,,,,
3.15,-0.665,-0.617,-0.787,4.182,0.086,4.267,,,,,,,,,,,,,,,,,,,
3.16,-0.662,-0.614,-0.789,4.139,0.125,4.264,,,,,,,,,,,,,,,,,,,
3.17,-0.657,-0.611,-0.792,4.089,0.171,4.26,,,,,,,,,,,,,,,,,,,
3.18,-0.653,-0.607,-0.794,4.033,0.223,4.256,,,,,,,,,,,,,,,,,,,
3.19,-0.647,-0.603,-0.798,3.969,0.283,4.252,,,,,,,,,,,,,,,,,,,
3.2,-0.641,-0.598,-0.801,3.9,0.349,4.249,,,,,,,,,,,,,,,,,,,
3.21,-0.635,-0.593,-0.805,3.824,0.421,4.245,,,,,,,,,,,,,,,,,,,
3.22,-0.628,-0.587,-0.809,3.742,0.499,4.241,,,,,,,,,,,,,,,,,,,
3.23,-0.62,-0.581,-0.814,3.655,0.582,4.237,,,,,,,,,,,,,,,,,,,
3.24,-0.612,-0.575,-0.818,3.562,0.672,4.233,,,,,,,,,,,,,,,,,,,
3.25,-0.603,-0.567,-0.823,3.464,0.766,4.229,,,,,,,,,,,,,,,,,,,
3.26,-0.594,-0.56,-0.829,3.361,0.865,4.226,,,,,,,,,,,,,,,,,,,
3.27,-0.584,-0.551,-0.834,3.253,0.968,4.222,,,,,,,,,,,,,,,,,,,
3.28,-0.574,-0.543,-0.84,3.142,1.076,4.218,,,,,,,,,,,,,,,,,,,
3.29,-0.563,-0.534,-0.846,3.027,1.187,4.214,,,,,,,,,,,,,,,,,,,
3.3,-0.551,-0.524,-0.852,2.909,1.301,4.21,,,,,,,,,,,,,,,,,,,
3.31,-0.54,-0.514,-0.858,2.787,1.419,4.206,,,,,,,,,,,,,,,,,,,
3.32,-0.527,-0.503,-0.864,2.663,1.539,4.202,,,,,,,,,,,,,,,,,,,
3.33,-0.514,-0.492,-0.871,2.538,1.66,4.198,,,,,,,,,,,,,,,,,,,
3.34,-0.501,-0.48,-0.877,2.41,1.784,4.194,,,,,,,,,,,,,,,,,,,
3.35,-0.487,-0.468,-0.884,2.282,1.908,4.19,,,,,,,,,,,,,,,,,,,
3.36,-0.473,-0.455,-0.89,2.152,2.034,4.186,,,,,,,,,,,,,,,,,,,
3.37,-0.458,-0.442,-0.897,2.023,2.159,4.182,,,,,,,,,,,,,,,,,,,
3.38,-0.443,-0.429,-0.903,1.894,2.284,4.178,,,,,,,,,,,,,,,,,,,
3.39,-0.427,-0.415,-0.91,1.765,2.408,4.174,,,,,,,,,,,,,,,,,,,
3.4,-0.412,-0.4,-0.917,1.638,2.532,4.17,,,,,,,,,,,,,,,,,,,
3.41,-0.395,-0.385,-0.923,1.513,2.653,4.166,,,,,,,,,,,,,,,,,,,
3.42,-0.379,-0.37,-0.929,1.389,2.772,4.162,,,,,,,,,,,,,,,,,,,
3.43,-0.362,-0.354,-0.935,1.269,2.889,4.158,,,,,,,,,,,,,,,,,,,
3.44,-0.344,-0.337,-0.941,1.151,3.002,4.153,,,,,,,,,,,,,,,,,,,
3.45,-0.327,-0.321,-0.947,1.037,3.112,4.149,,,,,,,,,,,,,,,,,,,
3.46,-0.309,-0.304,-0.953,0.927,3.218,4.145,,,,,,,,,,,,,,,,,,,
3.47,-0.29,-0.286,-0.958,0.822,3.319,4.141,,,,,,,,,,,,,,,,,,,
3.48,-0.272,-0.269,-0.963,0.721,3.416,4.137,,,,,,,,,,,,,,,,,,,
3.49,-0.253,-0.25,-0.968,0.626,3.507,4.133,,,,,,,,,,,,,,,,,,,
3.5,-0.234,-0.232,-0.973,0.536,3.593,4.129,,,,,,,,,,,,,,,,,,,
3.51,-0.215,-0.213,-0.977,0.452,3.673,4.125,,,,,,,,,,,,,,,,,,,
3.52,-0.196,-0.194,-0.981,0.374,3.746,4.121,,,,,,,,,,,,,,,,,,,
3.53,-0.176,-0.175,-0.985,0.304,3.813,4.116,,,,,,,,,,,,,,,,,,,
3.54,-0.156,-0.156,-0.988,0.24,3.873,4.112,,,,,,,,,,,,,,,,,,,
3.55,-0.137,-0.136,-0.991,0.183,3.925,4.108,,,,,,,,,,,,,,,,,,,
3.56,-0.117,-0.116,-0.993,0.133,3.971,4.104,,,,,,,,,,,,,,,,,,,
3.57,-0.097,-0.097,-0.995,0.092,4.008,4.1,,,,,,,,,,,,,,,,,,,
3.58,-0.077,-0.077,-0.997,0.057,4.038,4.096,,,,,,,,,,,,,,,,,,,
3.59,-0.056,-0.056,-0.998,0.031,4.061,4.092,,,,,,,,,,,,,,,,,,,
3.6,-0.036,-0.036,-0.999,0.013,4.075,4.088,,,,,,,,,,,,,,,,,,,
3.61,-0.016,-0.016,-1,0.003,4.081,4.084,,,,,,,,,,,,,,,,,,,
3.62,0.004,0.004,-1,0,4.079,4.08,,,,,,,,,,,,,,,,,,,
3.63,0.024,0.024,-1,0.006,4.07,4.076,,,,,,,,,,,,,,,,,,,
3.64,0.045,0.045,-0.999,0.019,4.052,4.071,,,,,,,,,,,,,,,,,,,
3.65,0.065,0.065,-0.998,0.041,4.026,4.067,,,,,,,,,,,,,,,,,,,
3.66,0.085,0.084,-0.996,0.07,3.993,4.063,,,,,,,,,,,,,,,,,,,
3.67,0.104,0.104,-0.995,0.107,3.952,4.059,,,,,,,,,,,,,,,,,,,
3.68,0.124,0.124,-0.992,0.151,3.904,4.055,,,,,,,,,,,,,,,,,,,
3.69,0.144,0.143,-0.99,0.203,3.848,4.051,,,,,,,,,,,,,,,,,,,
3.7,0.163,0.163,-0.987,0.261,3.786,4.047,,,,,,,,,,,,,,,,,,,
3.71,0.183,0.182,-0.983,0.326,3.717,4.043,,,,,,,,,,,,,,,,,,,
3.72,0.202,0.2,-0.98,0.398,3.641,4.039,,,,,,,,,,,,,,,,,,,
3.73,0.221,0.219,-0.976,0.475,3.56,4.035,,,,,,,,,,,,,,,,,,,
3.74,0.239,0.237,-0.972,0.559,3.472,4.031,,,,,,,,,,,,,,,,,,,
3.75,0.258,0.255,-0.967,0.648,3.379,4.027,,,,,,,,,,,,,,,,,,,
3.76,0.276,0.272,-0.962,0.741,3.282,4.023,,,,,,,,,,,,,,,,,,,
3.77,0.294,0.289,-0.957,0.84,3.179,4.019,,,,,,,,,,,,,,,,,,,
3.78,0.311,0.306,-0.952,0.942,3.073,4.015,,,,,,,,,,,,,,,,,,,
3.79,0.328,0.322,-0.947,1.048,2.963,4.011,,,,,,,,,,,,,,,,,,,
3.8,0.345,0.338,-0.941,1.158,2.849,4.007,,,,,,,,,,,,,,,,,,,
3.81,0.362,0.354,-0.935,1.27,2.733,4.003,,,,,,,,,,,,,,,,,,,
3.82,0.378,0.369,-0.929,1.385,2.614,3.999,,,,,,,,,,,,,,,,,,,
3.83,0.394,0.384,-0.923,1.501,2.494,3.995,,,,,,,,,,,,,,,,,,,
3.84,0.409,0.398,-0.917,1.62,2.372,3.991,,,,,,,,,,,,,,,,,,,
3.85,0.424,0.412,-0.911,1.739,2.249,3.987,,,,,,,,,,,,,,,,,,,
3.86,0.439,0.425,-0.905,1.858,2.125,3.984,,,,,,,,,,,,,,,,,,,
3.87,0.453,0.438,-0.899,1.978,2.002,3.98,,,,,,,,,,,,,,,,,,,
3.88,0.467,0.45,-0.893,2.097,1.878,3.976,,,,,,,,,,,,,,,,,,,
3.89,0.48,0.462,-0.887,2.216,1.756,3.972,,,,,,,,,,,,,,,,,,,
3.9,0.493,0.473,-0.881,2.333,1.635,3.968,,,,,,,,,,,,,,,,,,,
3.91,0.505,0.484,-0.875,2.449,1.516,3.965,,,,,,,,,,,,,,,,,,,
3.92,0.517,0.494,-0.869,2.562,1.398,3.961,,,,,,,,,,,,,,,,,,,
3.93,0.528,0.504,-0.864,2.673,1.284,3.957,,,,,,,,,,,,,,,,,,,
3.94,0.539,0.513,-0.858,2.781,1.172,3.953,,,,,,,,,,,,,,,,,,,
3.95,0.549,0.522,-0.853,2.886,1.063,3.95,,,,,,,,,,,,,,,,,,,
3.96,0.559,0.53,-0.848,2.987,0.959,3.946,,,,,,,,,,,,,,,,,,,
3.97,0.568,0.538,-0.843,3.085,0.858,3.942,,,,,,,,,,,,,,,,,,,
3.98,0.577,0.546,-0.838,3.177,0.761,3.939,,,,,,,,,,,,,,,,,,,
3.99,0.585,0.552,-0.834,3.265,0.67,3.935,,,,,,,,,,,,,,,,,,,
4,0.593,0.559,-0.829,3.349,0.583,3.931,,,,,,,,,,,,,,,,,,,
,,,,,,,,,,,,,,,,,,,,,,,,,
,,,,,,,,m,L,G,K,dT,T,,,,,,,,,,,,
Time,Alpha,Sx,Sy,Ep,Ek,Ec,,2kg,1m,-9.81,0.1,0.01s,4s,,,,,,,,,,,,
0,0.785,0.707,-0.707,5.742,0.005,5.747,,,,,,,,,,,,,,,,,,,
0.01,0.784,0.706,-0.708,5.727,0.019,5.747,,,,,,,,,,,,,,,,,,,
0.02,0.782,0.705,-0.709,5.703,0.043,5.747,,,,,,,,,,,,,,,,,,,
0.03,0.78,0.703,-0.711,5.67,0.077,5.746,,,,,,,,,,,,,,,,,,,
0.04,0.777,0.701,-0.713,5.627,0.119,5.746,,,,,,,,,,,,,,,,,,,
0.05,0.773,0.698,-0.716,5.575,0.171,5.746,,,,,,,,,,,,,,,,,,,
0.06,0.768,0.695,-0.719,5.514,0.232,5.746,,,,,,,,,,,,,,,,,,,
0.07,0.763,0.691,-0.723,5.444,0.302,5.746,,,,,,,,,,,,,,,,,,,
0.08,0.757,0.687,-0.727,5.365,0.381,5.745,,,,,,,,,,,,,,,,,,,
0.09,0.751,0.682,-0.731,5.277,0.468,5.745,,,,,,,,,,,,,,,,,,,
0.1,0.744,0.677,-0.736,5.182,0.563,5.744,,,,,,,,,,,,,,,,,,,
0.11,0.736,0.671,-0.741,5.078,0.666,5.744,,,,,,,,,,,,,,,,,,,
0.12,0.727,0.665,-0.747,4.967,0.776,5.743,,,,,,,,,,,,,,,,,,,
0.13,0.718,0.658,-0.753,4.848,0.894,5.742,,,,,,,,,,,,,,,,,,,
0.14,0.709,0.651,-0.759,4.723,1.019,5.741,,,,,,,,,,,,,,,,,,,
0.15,0.698,0.643,-0.766,4.591,1.15,5.74,,,,,,,,,,,,,,,,,,,
0.16,0.687,0.634,-0.773,4.452,1.287,5.739,,,,,,,,,,,,,,,,,,,
0.17,0.675,0.625,-0.78,4.308,1.429,5.738,,,,,,,,,,,,,,,,,,,
0.18,0.663,0.616,-0.788,4.159,1.577,5.736,,,,,,,,,,,,,,,,,,,
0.19,0.65,0.605,-0.796,4.005,1.729,5.735,,,,,,,,,,,,,,,,,,,
0.2,0.637,0.595,-0.804,3.847,1.886,5.733,,,,,,,,,,,,,,,,,,,
0.21,0.623,0.583,-0.812,3.685,2.046,5.731,,,,,,,,,,,,,,,,,,,
0.22,0.608,0.571,-0.821,3.52,2.209,5.729,,,,,,,,,,,,,,,,,,,
0.23,0.593,0.559,-0.829,3.352,2.374,5.726,,,,,,,,,,,,,,,,,,,
0.24,0.578,0.546,-0.838,3.182,2.542,5.724,,,,,,,,,,,,,,,,,,,
0.25,0.561,0.532,-0.847,3.011,2.711,5.721,,,,,,,,,,,,,,,,,,,
0.26,0.545,0.518,-0.855,2.838,2.88,5.718,,,,,,,,,,,,,,,,,,,
0.27,0.527,0.503,-0.864,2.666,3.05,5.716,,,,,,,,,,,,,,,,,,,
0.28,0.51,0.488,-0.873,2.494,3.219,5.712,,,,,,,,,,,,,,,,,,,
0.29,0.491,0.472,-0.882,2.322,3.387,5.709,,,,,,,,,,,,,,,,,,,
0.3,0.473,0.455,-0.89,2.153,3.553,5.706,,,,,,,,,,,,,,,,,,,
0.31,0.454,0.438,-0.899,1.986,3.716,5.702,,,,,,,,,,,,,,,,,,,
0.32,0.434,0.421,-0.907,1.822,3.877,5.698,,,,,,,,,,,,,,,,,,,
0.33,0.414,0.403,-0.915,1.661,4.033,5.694,,,,,,,,,,,,,,,,,,,
0.34,0.394,0.384,-0.923,1.504,4.186,5.69,,,,,,,,,,,,,,,,,,,
0.35,0.374,0.365,-0.931,1.353,4.333,5.686,,,,,,,,,,,,,,,,,,,
0.36,0.353,0.345,-0.939,1.207,4.475,5.681,,,,,,,,,,,,,,,,,,,
0.37,0.331,0.325,-0.946,1.066,4.61,5.677,,,,,,,,,,,,,,,,,,,
0.38,0.31,0.305,-0.952,0.933,4.739,5.672,,,,,,,,,,,,,,,,,,,
0.39,0.288,0.284,-0.959,0.806,4.861,5.667,,,,,,,,,,,,,,,,,,,
0.4,0.266,0.262,-0.965,0.688,4.975,5.662,,,,,,,,,,,,,,,,,,,
0.41,0.243,0.241,-0.971,0.577,5.081,5.657,,,,,,,,,,,,,,,,,,,
0.42,0.22,0.219,-0.976,0.475,5.178,5.652,,,,,,,,,,,,,,,,,,,
0.43,0.198,0.196,-0.981,0.382,5.265,5.647,,,,,,,,,,,,,,,,,,,
0.44,0.175,0.174,-0.985,0.298,5.344,5.642,,,,,,,,,,,,,,,,,,,
0.45,0.151,0.151,-0.989,0.224,5.412,5.636,,,,,,,,,,,,,,,,,,,
0.46,0.128,0.128,-0.992,0.161,5.47,5.631,,,,,,,,,,,,,,,,,,,
0.47,0.105,0.104,-0.995,0.107,5.518,5.625,,,,,,,,,,,,,,,,,,,
0.48,0.081,0.081,-0.997,0.064,5.556,5.62,,,,,,,,,,,,,,,,,,,
0.49,0.057,0.057,-0.998,0.032,5.582,5.614,,,,,,,,,,,,,,,,,,,
0.5,0.034,0.034,-0.999,0.011,5.598,5.609,,,,,,,,,,,,,,,,,,,
0.51,0.01,0.01,-1,0.001,5.602,5.603,,,,,,,,,,,,,,,,,,,
0.52,-0.014,-0.014,-1,0.002,5.596,5.598,,,,,,,,,,,,,,,,,,,
0.53,-0.037,-0.037,-0.999,0.014,5.578,5.592,,,,,,,,,,,,,,,,,,,
0.54,-0.061,-0.061,-0.998,0.036,5.55,5.586,,,,,,,,,,,,,,,,,,,
0.55,-0.084,-0.084,-0.996,0.07,5.511,5.581,,,,,,,,,,,,,,,,,,,
0.56,-0.108,-0.107,-0.994,0.114,5.462,5.575,,,,,,,,,,,,,,,,,,,
0.57,-0.131,-0.131,-0.991,0.168,5.402,5.57,,,,,,,,,,,,,,,,,,,
0.58,-0.154,-0.154,-0.988,0.233,5.332,5.565,,,,,,,,,,,,,,,,,,,
0.59,-0.177,-0.176,-0.984,0.307,5.252,5.559,,,,,,,,,,,,,,,,,,,
0.6,-0.2,-0.199,-0.98,0.391,5.163,5.554,,,,,,,,,,,,,,,,,,,
0.61,-0.223,-0.221,-0.975,0.484,5.065,5.549,,,,,,,,,,,,,,,,,,,
0.62,-0.245,-0.243,-0.97,0.586,4.958,5.544,,,,,,,,,,,,,,,,,,,
0.63,-0.267,-0.264,-0.965,0.696,4.843,5.539,,,,,,,,,,,,,,,,,,,
0.64,-0.289,-0.285,-0.959,0.814,4.721,5.534,,,,,,,,,,,,,,,,,,,
0.65,-0.311,-0.306,-0.952,0.939,4.591,5.53,,,,,,,,,,,,,,,,,,,
0.66,-0.332,-0.326,-0.945,1.07,4.455,5.525,,,,,,,,,,,,,,,,,,,
0.67,-0.353,-0.346,-0.938,1.208,4.312,5.521,,,,,,,,,,,,,,,,,,,
0.68,-0.373,-0.365,-0.931,1.352,4.165,5.517,,,,,,,,,,,,,,,,,,,
0.69,-0.394,-0.384,-0.924,1.5,4.012,5.512,,,,,,,,,,,,,,,,,,,
0.7,-0.413,-0.402,-0.916,1.653,3.855,5.508,,,,,,,,,,,,,,,,,,,
0.71,-0.433,-0.419,-0.908,1.81,3.695,5.505,,,,,,,,,,,,,,,,,,,
0.72,-0.452,-0.437,-0.9,1.969,3.532,5.501,,,,,,,,,,,,,,,,,,,
0.73,-0.47,-0.453,-0.891,2.131,3.366,5.498,,,,,,,,,,,,,,,,,,,
0.74,-0.489,-0.469,-0.883,2.295,3.199,5.494,,,,,,,,,,,,,,,,,,,
0.75,-0.506,-0.485,-0.875,2.461,3.031,5.491,,,,,,,,,,,,,,,,,,,
0.76,-0.523,-0.5,-0.866,2.626,2.862,5.488,,,,,,,,,,,,,,,,,,,
0.77,-0.54,-0.514,-0.858,2.792,2.693,5.486,,,,,,,,,,,,,,,,,,,
0.78,-0.556,-0.528,-0.849,2.957,2.526,5.483,,,,,,,,,,,,,,,,,,,
0.79,-0.572,-0.541,-0.841,3.121,2.359,5.48,,,,,,,,,,,,,,,,,,,
0.8,-0.587,-0.554,-0.833,3.283,2.195,5.478,,,,,,,,,,,,,,,,,,,
0.81,-0.601,-0.566,-0.825,3.443,2.033,5.476,,,,,,,,,,,,,,,,,,,
0.82,-0.615,-0.577,-0.817,3.6,1.874,5.474,,,,,,,,,,,,,,,,,,,
0.83,-0.629,-0.588,-0.809,3.753,1.719,5.472,,,,,,,,,,,,,,,,,,,
0.84,-0.642,-0.599,-0.801,3.902,1.568,5.471,,,,,,,,,,,,,,,,,,,
0.85,-0.654,-0.608,-0.794,4.047,1.422,5.469,,,,,,,,,,,,,,,,,,,
0.86,-0.665,-0.617,-0.787,4.187,1.281,5.468,,,,,,,,,,,,,,,,,,,
0.87,-0.677,-0.626,-0.78,4.321,1.146,5.467,,,,,,,,,,,,,,,,,,,
0.88,-0.687,-0.634,-0.773,4.449,1.016,5.466,,,,,,,,,,,,,,,,,,,
0.89,-0.697,-0.642,-0.767,4.572,0.893,5.465,,,,,,,,,,,,,,,,,,,
0.9,-0.706,-0.649,-0.761,4.687,0.776,5.464,,,,,,,,,,,,,,,,,,,
0.91,-0.714,-0.655,-0.756,4.796,0.667,5.463,,,,,,,,,,,,,,,,,,,
0.92,-0.722,-0.661,-0.75,4.897,0.565,5.462,,,,,,,,,,,,,,,,,,,
0.93,-0.729,-0.666,-0.746,4.991,0.471,5.462,,,,,,,,,,,,,,,,,,,
0.94,-0.736,-0.671,-0.741,5.077,0.385,5.461,,,,,,,,,,,,,,,,,,,
0.95,-0.742,-0.676,-0.737,5.154,0.307,5.461,,,,,,,,,,,,,,,,,,,
0.96,-0.747,-0.679,-0.734,5.223,0.238,5.461,,,,,,,,,,,,,,,,,,,
0.97,-0.751,-0.683,-0.731,5.284,0.177,5.461,,,,,,,,,,,,,,,,,,,
0.98,-0.755,-0.686,-0.728,5.336,0.125,5.461,,,,,,,,,,,,,,,,,,,
0.99,-0.759,-0.688,-0.726,5.379,0.081,5.46,,,,,,,,,,,,,,,,,,,
1,-0.761,-0.69,-0.724,5.413,0.047,5.46,,,,,,,,,,,,,,,,,,,
1.01,-0.763,-0.691,-0.723,5.438,0.022,5.46,,,,,,,,,,,,,,,,,,,
1.02,-0.764,-0.692,-0.722,5.454,0.007,5.46,,,,,,,,,,,,,,,,,,,
1.03,-0.765,-0.692,-0.722,5.46,0,5.46,,,,,,,,,,,,,,,,,,,
1.04,-0.764,-0.692,-0.722,5.457,0.003,5.46,,,,,,,,,,,,,,,,,,,
1.05,-0.763,-0.691,-0.722,5.446,0.015,5.46,,,,,,,,,,,,,,,,,,,
1.06,-0.762,-0.69,-0.724,5.424,0.036,5.46,,,,,,,,,,,,,,,,,,,
1.07,-0.76,-0.689,-0.725,5.394,0.066,5.46,,,,,,,,,,,,,,,,,,,
1.08,-0.757,-0.687,-0.727,5.355,0.105,5.46,,,,,,,,,,,,,,,,,,,
1.09,-0.753,-0.684,-0.73,5.307,0.153,5.46,,,,,,,,,,,,,,,,,,,
1.1,-0.749,-0.681,-0.732,5.25,0.21,5.46,,,,,,,,,,,,,,,,,,,
1.11,-0.744,-0.677,-0.736,5.185,0.275,5.46,,,,,,,,,,,,,,,,,,,
1.12,-0.738,-0.673,-0.74,5.111,0.348,5.459,,,,,,,,,,,,,,,,,,,
1.13,-0.732,-0.669,-0.744,5.029,0.43,5.459,,,,,,,,,,,,,,,,,,,
1.14,-0.725,-0.663,-0.748,4.939,0.519,5.458,,,,,,,,,,,,,,,,,,,
1.15,-0.718,-0.658,-0.753,4.841,0.616,5.458,,,,,,,,,,,,,,,,,,,
1.16,-0.71,-0.652,-0.759,4.736,0.721,5.457,,,,,,,,,,,,,,,,,,,
1.17,-0.701,-0.645,-0.764,4.624,0.832,5.456,,,,,,,,,,,,,,,,,,,
1.18,-0.691,-0.638,-0.77,4.506,0.95,5.455,,,,,,,,,,,,,,,,,,,
1.19,-0.681,-0.63,-0.777,4.381,1.074,5.454,,,,,,,,,,,,,,,,,,,
1.2,-0.671,-0.622,-0.783,4.25,1.204,5.453,,,,,,,,,,,,,,,,,,,
1.21,-0.659,-0.613,-0.79,4.113,1.339,5.452,,,,,,,,,,,,,,,,,,,
1.22,-0.648,-0.603,-0.798,3.972,1.479,5.451,,,,,,,,,,,,,,,,,,,
1.23,-0.635,-0.593,-0.805,3.826,1.624,5.449,,,,,,,,,,,,,,,,,,,
1.24,-0.622,-0.583,-0.813,3.675,1.772,5.447,,,,,,,,,,,,,,,,,,,
1.25,-0.608,-0.572,-0.821,3.521,1.924,5.446,,,,,,,,,,,,,,,,,,,
1.26,-0.594,-0.56,-0.829,3.364,2.079,5.444,,,,,,,,,,,,,,,,,,,
1.27,-0.58,-0.548,-0.837,3.205,2.237,5.441,,,,,,,,,,,,,,,,,,,
1.28,-0.564,-0.535,-0.845,3.043,2.396,5.439,,,,,,,,,,,,,,,,,,,
1.29,-0.549,-0.522,-0.853,2.88,2.557,5.437,,,,,,,,,,,,,,,,,,,
1.3,-0.532,-0.508,-0.862,2.716,2.718,5.434,,,,,,,,,,,,,,,,,,,
1.31,-0.516,-0.493,-0.87,2.552,2.879,5.431,,,,,,,,,,,,,,,,,,,
1.32,-0.499,-0.478,-0.878,2.388,3.04,5.428,,,,,,,,,,,,,,,,,,,
1.33,-0.481,-0.463,-0.887,2.225,3.2,5.425,,,,,,,,,,,,,,,,,,,
1.34,-0.463,-0.446,-0.895,2.063,3.358,5.422,,,,,,,,,,,,,,,,,,,
1.35,-0.444,-0.43,-0.903,1.904,3.514,5.418,,,,,,,,,,,,,,,,,,,
1.36,-0.425,-0.413,-0.911,1.747,3.667,5.415,,,,,,,,,,,,,,,,,,,
1.37,-0.406,-0.395,-0.919,1.594,3.817,5.411,,,,,,,,,,,,,,,,,,,
1.38,-0.386,-0.377,-0.926,1.445,3.962,5.407,,,,,,,,,,,,,,,,,,,
1.39,-0.366,-0.358,-0.934,1.3,4.103,5.403,,,,,,,,,,,,,,,,,,,
1.4,-0.346,-0.339,-0.941,1.161,4.238,5.399,,,,,,,,,,,,,,,,,,,
1.41,-0.325,-0.319,-0.948,1.027,4.368,5.395,,,,,,,,,,,,,,,,,,,
1.42,-0.304,-0.299,-0.954,0.899,4.491,5.39,,,,,,,,,,,,,,,,,,,
1.43,-0.283,-0.279,-0.96,0.778,4.608,5.386,,,,,,,,,,,,,,,,,,,
1.44,-0.261,-0.258,-0.966,0.664,4.717,5.381,,,,,,,,,,,,,,,,,,,
1.45,-0.239,-0.237,-0.972,0.558,4.818,5.376,,,,,,,,,,,,,,,,,,,
1.46,-0.217,-0.215,-0.977,0.46,4.911,5.371,,,,,,,,,,,,,,,,,,,
1.47,-0.195,-0.194,-0.981,0.371,4.995,5.366,,,,,,,,,,,,,,,,,,,
1.48,-0.172,-0.172,-0.985,0.291,5.071,5.361,,,,,,,,,,,,,,,,,,,
1.49,-0.15,-0.149,-0.989,0.22,5.137,5.356,,,,,,,,,,,,,,,,,,,
1.5,-0.127,-0.127,-0.992,0.158,5.193,5.351,,,,,,,,,,,,,,,,,,,
1.51,-0.104,-0.104,-0.995,0.106,5.239,5.346,,,,,,,,,,,,,,,,,,,
1.52,-0.081,-0.081,-0.997,0.065,5.276,5.341,,,,,,,,,,,,,,,,,,,
1.53,-0.058,-0.058,-0.998,0.033,5.302,5.335,,,,,,,,,,,,,,,,,,,
1.54,-0.035,-0.035,-0.999,0.012,5.318,5.33,,,,,,,,,,,,,,,,,,,
1.55,-0.012,-0.012,-1,0.001,5.323,5.325,,,,,,,,,,,,,,,,,,,
1.56,0.011,0.011,-1,0.001,5.318,5.319,,,,,,,,,,,,,,,,,,,
1.57,0.034,0.034,-0.999,0.011,5.303,5.314,,,,,,,,,,,,,,,,,,,
1.58,0.057,0.057,-0.998,0.032,5.277,5.309,,,,,,,,,,,,,,,,,,,
1.59,0.08,0.08,-0.997,0.063,5.241,5.304,,,,,,,,,,,,,,,,,,,
1.6,0.103,0.103,-0.995,0.103,5.195,5.298,,,,,,,,,,,,,,,,,,,
1.61,0.125,0.125,-0.992,0.154,5.139,5.293,,,,,,,,,,,,,,,,,,,
1.62,0.148,0.148,-0.989,0.215,5.073,5.288,,,,,,,,,,,,,,,,,,,
1.63,0.171,0.17,-0.985,0.284,4.999,5.283,,,,,,,,,,,,,,,,,,,
1.64,0.193,0.192,-0.981,0.363,4.915,5.278,,,,,,,,,,,,,,,,,,,
1.65,0.215,0.213,-0.977,0.451,4.822,5.273,,,,,,,,,,,,,,,,,,,
1.66,0.237,0.234,-0.972,0.547,4.721,5.268,,,,,,,,,,,,,,,,,,,
1.67,0.258,0.255,-0.967,0.651,4.613,5.264,,,,,,,,,,,,,,,,,,,
1.68,0.28,0.276,-0.961,0.762,4.497,5.259,,,,,,,,,,,,,,,,,,,
1.69,0.301,0.296,-0.955,0.88,4.374,5.255,,,,,,,,,,,,,,,,,,,
1.7,0.321,0.316,-0.949,1.005,4.245,5.25,,,,,,,,,,,,,,,,,,,
1.71,0.342,0.335,-0.942,1.136,4.111,5.246,,,,,,,,,,,,,,,,,,,
1.72,0.362,0.354,-0.935,1.272,3.971,5.242,,,,,,,,,,,,,,,,,,,
1.73,0.382,0.373,-0.928,1.412,3.826,5.238,,,,,,,,,,,,,,,,,,,
1.74,0.401,0.39,-0.921,1.557,3.677,5.235,,,,,,,,,,,,,,,,,,,
1.75,0.42,0.408,-0.913,1.706,3.525,5.231,,,,,,,,,,,,,,,,,,,
1.76,0.439,0.425,-0.905,1.858,3.37,5.228,,,,,,,,,,,,,,,,,,,
1.77,0.457,0.441,-0.897,2.012,3.213,5.224,,,,,,,,,,,,,,,,,,,
1.78,0.474,0.457,-0.89,2.168,3.054,5.221,,,,,,,,,,,,,,,,,,,
1.79,0.492,0.472,-0.882,2.325,2.893,5.218,,,,,,,,,,,,,,,,,,,
1.8,0.509,0.487,-0.873,2.483,2.733,5.215,,,,,,,,,,,,,,,,,,,
1.81,0.525,0.501,-0.865,2.64,2.572,5.213,,,,,,,,,,,,,,,,,,,
1.82,0.541,0.515,-0.857,2.798,2.413,5.21,,,,,,,,,,,,,,,,,,,
1.83,0.556,0.528,-0.849,2.954,2.254,5.208,,,,,,,,,,,,,,,,,,,
1.84,0.571,0.54,-0.842,3.108,2.097,5.206,,,,,,,,,,,,,,,,,,,
1.85,0.585,0.552,-0.834,3.261,1.943,5.204,,,,,,,,,,,,,,,,,,,
1.86,0.598,0.563,-0.826,3.41,1.792,5.202,,,,,,,,,,,,,,,,,,,
1.87,0.612,0.574,-0.819,3.556,1.644,5.2,,,,,,,,,,,,,,,,,,,
1.88,0.624,0.584,-0.811,3.699,1.5,5.198,,,,,,,,,,,,,,,,,,,
1.89,0.636,0.594,-0.804,3.837,1.36,5.197,,,,,,,,,,,,,,,,,,,
1.9,0.647,0.603,-0.798,3.97,1.225,5.196,,,,,,,,,,,,,,,,,,,
1.91,0.658,0.612,-0.791,4.099,1.096,5.195,,,,,,,,,,,,,,,,,,,
1.92,0.668,0.62,-0.785,4.222,0.972,5.194,,,,,,,,,,,,,,,,,,,
1.93,0.678,0.627,-0.779,4.338,0.854,5.193,,,,,,,,,,,,,,,,,,,
1.94,0.687,0.634,-0.773,4.449,0.743,5.192,,,,,,,,,,,,,,,,,,,
1.95,0.695,0.641,-0.768,4.553,0.638,5.191,,,,,,,,,,,,,,,,,,,
1.96,0.703,0.646,-0.763,4.65,0.541,5.191,,,,,,,,,,,,,,,,,,,
1.97,0.71,0.652,-0.758,4.739,0.451,5.19,,,,,,,,,,,,,,,,,,,
1.98,0.716,0.657,-0.754,4.821,0.368,5.19,,,,,,,,,,,,,,,,,,,
1.99,0.722,0.661,-0.75,4.896,0.294,5.189,,,,,,,,,,,,,,,,,,,
2,0.727,0.665,-0.747,4.962,0.227,5.189,,,,,,,,,,,,,,,,,,,
2.01,0.732,0.668,-0.744,5.02,0.169,5.189,,,,,,,,,,,,,,,,,,,
2.02,0.735,0.671,-0.742,5.07,0.119,5.189,,,,,,,,,,,,,,,,,,,
2.03,0.738,0.673,-0.74,5.111,0.078,5.189,,,,,,,,,,,,,,,,,,,
2.04,0.741,0.675,-0.738,5.143,0.045,5.189,,,,,,,,,,,,,,,,,,,
2.05,0.743,0.676,-0.737,5.167,0.021,5.189,,,,,,,,,,,,,,,,,,,
2.06,0.744,0.677,-0.736,5.182,0.006,5.189,,,,,,,,,,,,,,,,,,,
2.07,0.744,0.677,-0.736,5.188,0,5.189,,,,,,,,,,,,,,,,,,,
2.08,0.744,0.677,-0.736,5.186,0.003,5.189,,,,,,,,,,,,,,,,,,,
2.09,0.743,0.677,-0.736,5.174,0.014,5.189,,,,,,,,,,,,,,,,,,,
2.1,0.742,0.676,-0.737,5.154,0.034,5.189,,,,,,,,,,,,,,,,,,,
2.11,0.74,0.674,-0.739,5.125,0.063,5.188,,,,,,,,,,,,,,,,,,,
2.12,0.737,0.672,-0.741,5.088,0.101,5.188,,,,,,,,,,,,,,,,,,,
2.13,0.733,0.669,-0.743,5.042,0.147,5.188,,,,,,,,,,,,,,,,,,,
2.14,0.729,0.666,-0.746,4.987,0.201,5.188,,,,,,,,,,,,,,,,,,,
2.15,0.724,0.663,-0.749,4.924,0.263,5.188,,,,,,,,,,,,,,,,,,,
2.16,0.719,0.658,-0.753,4.854,0.334,5.188,,,,,,,,,,,,,,,,,,,
2.17,0.713,0.654,-0.757,4.775,0.412,5.187,,,,,,,,,,,,,,,,,,,
2.18,0.706,0.649,-0.761,4.689,0.498,5.187,,,,,,,,,,,,,,,,,,,
2.19,0.699,0.643,-0.766,4.596,0.59,5.186,,,,,,,,,,,,,,,,,,,
2.2,0.691,0.637,-0.771,4.495,0.69,5.186,,,,,,,,,,,,,,,,,,,
2.21,0.682,0.63,-0.776,4.388,0.797,5.185,,,,,,,,,,,,,,,,,,,
2.22,0.673,0.623,-0.782,4.275,0.909,5.184,,,,,,,,,,,,,,,,,,,
2.23,0.663,0.615,-0.788,4.155,1.028,5.183,,,,,,,,,,,,,,,,,,,
2.24,0.652,0.607,-0.795,4.03,1.152,5.182,,,,,,,,,,,,,,,,,,,
2.25,0.641,0.598,-0.801,3.9,1.281,5.181,,,,,,,,,,,,,,,,,,,
2.26,0.63,0.589,-0.808,3.764,1.415,5.179,,,,,,,,,,,,,,,,,,,
2.27,0.618,0.579,-0.815,3.625,1.553,5.178,,,,,,,,,,,,,,,,,,,
2.28,0.605,0.569,-0.823,3.481,1.695,5.176,,,,,,,,,,,,,,,,,,,
2.29,0.592,0.558,-0.83,3.335,1.84,5.174,,,,,,,,,,,,,,,,,,,
2.3,0.578,0.546,-0.838,3.185,1.988,5.173,,,,,,,,,,,,,,,,,,,
2.31,0.563,0.534,-0.845,3.033,2.138,5.17,,,,,,,,,,,,,,,,,,,
2.32,0.549,0.521,-0.853,2.879,2.29,5.168,,,,,,,,,,,,,,,,,,,
2.33,0.533,0.508,-0.861,2.723,2.443,5.166,,,,,,,,,,,,,,,,,,,
2.34,0.517,0.495,-0.869,2.567,2.596,5.163,,,,,,,,,,,,,,,,,,,
2.35,0.501,0.48,-0.877,2.411,2.75,5.161,,,,,,,,,,,,,,,,,,,
2.36,0.484,0.465,-0.885,2.255,2.903,5.158,,,,,,,,,,,,,,,,,,,
2.37,0.467,0.45,-0.893,2.1,3.055,5.155,,,,,,,,,,,,,,,,,,,
2.38,0.449,0.434,-0.901,1.946,3.206,5.152,,,,,,,,,,,,,,,,,,,
2.39,0.431,0.418,-0.909,1.795,3.354,5.148,,,,,,,,,,,,,,,,,,,
2.4,0.413,0.401,-0.916,1.646,3.499,5.145,,,,,,,,,,,,,,,,,,,
2.41,0.394,0.384,-0.924,1.501,3.641,5.141,,,,,,,,,,,,,,,,,,,
2.42,0.374,0.366,-0.931,1.359,3.779,5.138,,,,,,,,,,,,,,,,,,,
2.43,0.355,0.347,-0.938,1.222,3.912,5.134,,,,,,,,,,,,,,,,,,,
2.44,0.335,0.329,-0.944,1.09,4.04,5.13,,,,,,,,,,,,,,,,,,,
2.45,0.315,0.309,-0.951,0.963,4.163,5.126,,,,,,,,,,,,,,,,,,,
2.46,0.294,0.29,-0.957,0.842,4.28,5.122,,,,,,,,,,,,,,,,,,,
2.47,0.273,0.27,-0.963,0.728,4.39,5.117,,,,,,,,,,,,,,,,,,,
2.48,0.252,0.249,-0.968,0.62,4.492,5.113,,,,,,,,,,,,,,,,,,,
2.49,0.231,0.229,-0.973,0.52,4.588,5.108,,,,,,,,,,,,,,,,,,,
2.5,0.209,0.208,-0.978,0.428,4.675,5.104,,,,,,,,,,,,,,,,,,,
2.51,0.188,0.186,-0.982,0.344,4.755,5.099,,,,,,,,,,,,,,,,,,,
2.52,0.166,0.165,-0.986,0.269,4.825,5.094,,,,,,,,,,,,,,,,,,,
2.53,0.144,0.143,-0.99,0.202,4.887,5.089,,,,,,,,,,,,,,,,,,,
2.54,0.122,0.121,-0.993,0.145,4.94,5.084,,,,,,,,,,,,,,,,,,,
2.55,0.099,0.099,-0.995,0.097,4.983,5.079,,,,,,,,,,,,,,,,,,,
2.56,0.077,0.077,-0.997,0.058,5.017,5.074,,,,,,,,,,,,,,,,,,,
2.57,0.054,0.054,-0.999,0.029,5.04,5.069,,,,,,,,,,,,,,,,,,,
2.58,0.032,0.032,-0.999,0.01,5.054,5.064,,,,,,,,,,,,,,,,,,,
2.59,0.009,0.009,-1,0.001,5.058,5.059,,,,,,,,,,,,,,,,,,,
2.6,-0.013,-0.013,-1,0.002,5.053,5.054,,,,,,,,,,,,,,,,,,,
2.61,-0.035,-0.035,-0.999,0.012,5.037,5.049,,,,,,,,,,,,,,,,,,,
2.62,-0.058,-0.058,-0.998,0.033,5.011,5.044,,,,,,,,,,,,,,,,,,,
2.63,-0.08,-0.08,-0.997,0.063,4.976,5.039,,,,,,,,,,,,,,,,,,,
2.64,-0.102,-0.102,-0.995,0.103,4.931,5.034,,,,,,,,,,,,,,,,,,,
2.65,-0.125,-0.124,-0.992,0.152,4.877,5.029,,,,,,,,,,,,,,,,,,,
2.66,-0.147,-0.146,-0.989,0.211,4.814,5.024,,,,,,,,,,,,,,,,,,,
2.67,-0.169,-0.168,-0.986,0.278,4.742,5.02,,,,,,,,,,,,,,,,,,,
2.68,-0.19,-0.189,-0.982,0.354,4.661,5.015,,,,,,,,,,,,,,,,,,,
2.69,-0.212,-0.21,-0.978,0.438,4.572,5.01,,,,,,,,,,,,,,,,,,,
2.7,-0.233,-0.231,-0.973,0.53,4.476,5.006,,,,,,,,,,,,,,,,,,,
2.71,-0.254,-0.251,-0.968,0.629,4.372,5.001,,,,,,,,,,,,,,,,,,,
2.72,-0.275,-0.271,-0.962,0.736,4.261,4.997,,,,,,,,,,,,,,,,,,,
2.73,-0.295,-0.291,-0.957,0.849,4.144,4.993,,,,,,,,,,,,,,,,,,,
2.74,-0.315,-0.31,-0.951,0.968,4.021,4.989,,,,,,,,,,,,,,,,,,,
2.75,-0.335,-0.329,-0.944,1.093,3.892,4.985,,,,,,,,,,,,,,,,,,,
2.76,-0.355,-0.348,-0.938,1.223,3.758,4.981,,,,,,,,,,,,,,,,,,,
2.77,-0.374,-0.365,-0.931,1.357,3.62,4.977,,,,,,,,,,,,,,,,,,,
2.78,-0.393,-0.383,-0.924,1.496,3.478,4.974,,,,,,,,,,,,,,,,,,,
2.79,-0.411,-0.4,-0.917,1.637,3.333,4.97,,,,,,,,,,,,,,,,,,,
2.8,-0.429,-0.416,-0.909,1.782,3.185,4.967,,,,,,,,,,,,,,,,,,,
2.81,-0.447,-0.432,-0.902,1.929,3.035,4.964,,,,,,,,,,,,,,,,,,,
2.82,-0.464,-0.448,-0.894,2.077,2.884,4.961,,,,,,,,,,,,,,,,,,,
2.83,-0.481,-0.463,-0.886,2.227,2.731,4.958,,,,,,,,,,,,,,,,,,,
2.84,-0.497,-0.477,-0.879,2.377,2.578,4.956,,,,,,,,,,,,,,,,,,,
2.85,-0.513,-0.491,-0.871,2.527,2.426,4.953,,,,,,,,,,,,,,,,,,,
2.86,-0.529,-0.504,-0.864,2.677,2.274,4.951,,,,,,,,,,,,,,,,,,,
2.87,-0.543,-0.517,-0.856,2.826,2.123,4.949,,,,,,,,,,,,,,,,,,,
2.88,-0.558,-0.529,-0.849,2.972,1.974,4.947,,,,,,,,,,,,,,,,,,,
2.89,-0.571,-0.541,-0.841,3.117,1.827,4.945,,,,,,,,,,,,,,,,,,,
2.9,-0.585,-0.552,-0.834,3.259,1.684,4.943,,,,,,,,,,,,,,,,,,,
2.91,-0.597,-0.562,-0.827,3.398,1.543,4.941,,,,,,,,,,,,,,,,,,,
2.92,-0.61,-0.572,-0.82,3.533,1.407,4.94,,,,,,,,,,,,,,,,,,,
2.93,-0.621,-0.582,-0.813,3.664,1.274,4.938,,,,,,,,,,,,,,,,,,,
2.94,-0.632,-0.591,-0.807,3.791,1.146,4.937,,,,,,,,,,,,,,,,,,,
2.95,-0.643,-0.599,-0.801,3.912,1.024,4.936,,,,,,,,,,,,,,,,,,,
2.96,-0.652,-0.607,-0.795,4.029,0.907,4.935,,,,,,,,,,,,,,,,,,,
2.97,-0.662,-0.614,-0.789,4.139,0.795,4.934,,,,,,,,,,,,,,,,,,,
2.98,-0.67,-0.621,-0.784,4.243,0.69,4.934,,,,,,,,,,,,,,,,,,,
2.99,-0.678,-0.627,-0.779,4.341,0.592,4.933,,,,,,,,,,,,,,,,,,,
3,-0.686,-0.633,-0.774,4.433,0.5,4.932,,,,,,,,,,,,,,,,,,,
3.01,-0.692,-0.638,-0.77,4.517,0.415,4.932,,,,,,,,,,,,,,,,,,,
3.02,-0.698,-0.643,-0.766,4.594,0.338,4.932,,,,,,,,,,,,,,,,,,,
3.03,-0.704,-0.647,-0.762,4.663,0.268,4.931,,,,,,,,,,,,,,,,,,,
3.04,-0.709,-0.651,-0.759,4.725,0.206,4.931,,,,,,,,,,,,,,,,,,,
3.05,-0.713,-0.654,-0.756,4.779,0.152,4.931,,,,,,,,,,,,,,,,,,,
3.06,-0.717,-0.657,-0.754,4.825,0.106,4.931,,,,,,,,,,,,,,,,,,,
3.07,-0.719,-0.659,-0.752,4.863,0.068,4.931,,,,,,,,,,,,,,,,,,,
3.08,-0.722,-0.661,-0.751,4.892,0.038,4.931,,,,,,,,,,,,,,,,,,,
3.09,-0.723,-0.662,-0.75,4.914,0.017,4.931,,,,,,,,,,,,,,,,,,,
3.1,-0.724,-0.663,-0.749,4.926,0.004,4.931,,,,,,,,,,,,,,,,,,,
3.11,-0.725,-0.663,-0.749,4.931,0,4.931,,,,,,,,,,,,,,,,,,,
3.12,-0.724,-0.663,-0.749,4.926,0.004,4.931,,,,,,,,,,,,,,,,,,,
3.13,-0.723,-0.662,-0.75,4.914,0.017,4.931,,,,,,,,,,,,,,,,,,,
3.14,-0.722,-0.661,-0.751,4.893,0.038,4.93,,,,,,,,,,,,,,,,,,,
3.15,-0.72,-0.659,-0.752,4.863,0.067,4.93,,,,,,,,,,,,,,,,,,,
3.16,-0.717,-0.657,-0.754,4.826,0.105,4.93,,,,,,,,,,,,,,,,,,,
3.17,-0.713,-0.654,-0.756,4.78,0.15,4.93,,,,,,,,,,,,,,,,,,,
3.18,-0.709,-0.651,-0.759,4.726,0.204,4.93,,,,,,,,,,,,,,,,,,,
3.19,-0.704,-0.647,-0.762,4.665,0.265,4.93,,,,,,,,,,,,,,,,,,,
3.2,-0.699,-0.643,-0.766,4.596,0.334,4.93,,,,,,,,,,,,,,,,,,,
3.21,-0.692,-0.638,-0.77,4.519,0.41,4.929,,,,,,,,,,,,,,,,,,,
3.22,-0.686,-0.633,-0.774,4.435,0.493,4.929,,,,,,,,,,,,,,,,,,,
3.23,-0.678,-0.628,-0.779,4.345,0.584,4.928,,,,,,,,,,,,,,,,,,,
3.24,-0.67,-0.621,-0.784,4.247,0.68,4.928,,,,,,,,,,,,,,,,,,,
3.25,-0.662,-0.615,-0.789,4.144,0.783,4.927,,,,,,,,,,,,,,,,,,,
3.26,-0.653,-0.607,-0.794,4.034,0.892,4.926,,,,,,,,,,,,,,,,,,,
3.27,-0.643,-0.6,-0.8,3.919,1.006,4.925,,,,,,,,,,,,,,,,,,,
3.28,-0.633,-0.591,-0.806,3.798,1.126,4.924,,,,,,,,,,,,,,,,,,,
3.29,-0.622,-0.583,-0.813,3.672,1.25,4.923,,,,,,,,,,,,,,,,,,,
3.3,-0.61,-0.573,-0.819,3.542,1.379,4.921,,,,,,,,,,,,,,,,,,,
3.31,-0.598,-0.563,-0.826,3.408,1.512,4.92,,,,,,,,,,,,,,,,,,,
3.32,-0.586,-0.553,-0.833,3.271,1.648,4.918,,,,,,,,,,,,,,,,,,,
3.33,-0.573,-0.542,-0.84,3.13,1.787,4.917,,,,,,,,,,,,,,,,,,,
3.34,-0.559,-0.53,-0.848,2.987,1.928,4.915,,,,,,,,,,,,,,,,,,,
3.35,-0.545,-0.518,-0.855,2.841,2.071,4.913,,,,,,,,,,,,,,,,,,,
3.36,-0.53,-0.506,-0.863,2.694,2.216,4.911,,,,,,,,,,,,,,,,,,,
3.37,-0.515,-0.493,-0.87,2.546,2.362,4.908,,,,,,,,,,,,,,,,,,,
3.38,-0.5,-0.479,-0.878,2.397,2.509,4.906,,,,,,,,,,,,,,,,,,,
3.39,-0.483,-0.465,-0.885,2.249,2.655,4.903,,,,,,,,,,,,,,,,,,,
3.4,-0.467,-0.45,-0.893,2.1,2.8,4.901,,,,,,,,,,,,,,,,,,,
3.41,-0.45,-0.435,-0.9,1.953,2.945,4.898,,,,,,,,,,,,,,,,,,,
3.42,-0.433,-0.419,-0.908,1.808,3.087,4.895,,,,,,,,,,,,,,,,,,,
3.43,-0.415,-0.403,-0.915,1.664,3.227,4.892,,,,,,,,,,,,,,,,,,,
3.44,-0.397,-0.386,-0.922,1.524,3.365,4.888,,,,,,,,,,,,,,,,,,,
3.45,-0.378,-0.369,-0.929,1.386,3.499,4.885,,,,,,,,,,,,,,,,,,,
3.46,-0.359,-0.352,-0.936,1.253,3.628,4.881,,,,,,,,,,,,,,,,,,,
3.47,-0.34,-0.334,-0.943,1.124,3.754,4.878,,,,,,,,,,,,,,,,,,,
3.48,-0.321,-0.315,-0.949,0.999,3.874,4.874,,,,,,,,,,,,,,,,,,,
3.49,-0.301,-0.296,-0.955,0.88,3.989,4.87,,,,,,,,,,,,,,,,,,,
3.5,-0.281,-0.277,-0.961,0.767,4.098,4.866,,,,,,,,,,,,,,,,,,,
3.51,-0.26,-0.257,-0.966,0.661,4.201,4.862,,,,,,,,,,,,,,,,,,,
3.52,-0.24,-0.237,-0.971,0.561,4.297,4.857,,,,,,,,,,,,,,,,,,,
3.53,-0.219,-0.217,-0.976,0.468,4.385,4.853,,,,,,,,,,,,,,,,,,,
3.54,-0.198,-0.196,-0.981,0.382,4.466,4.849,,,,,,,,,,,,,,,,,,,
3.55,-0.177,-0.176,-0.984,0.305,4.539,4.844,,,,,,,,,,,,,,,,,,,
3.56,-0.155,-0.155,-0.988,0.236,4.604,4.84,,,,,,,,,,,,,,,,,,,
3.57,-0.134,-0.133,-0.991,0.175,4.66,4.835,,,,,,,,,,,,,,,,,,,
3.58,-0.112,-0.112,-0.994,0.123,4.707,4.83,,,,,,,,,,,,,,,,,,,
3.59,-0.09,-0.09,-0.996,0.08,4.746,4.826,,,,,,,,,,,,,,,,,,,
3.6,-0.068,-0.068,-0.998,0.046,4.775,4.821,,,,,,,,,,,,,,,,,,,
3.61,-0.047,-0.047,-0.999,0.021,4.795,4.816,,,,,,,,,,,,,,,,,,,
3.62,-0.025,-0.025,-1,0.006,4.805,4.811,,,,,,,,,,,,,,,,,,,
3.63,-0.003,-0.003,-1,0,4.806,4.806,,,,,,,,,,,,,,,,,,,
3.64,0.019,0.019,-1,0.004,4.798,4.802,,,,,,,,,,,,,,,,,,,
3.65,0.041,0.041,-0.999,0.017,4.78,4.797,,,,,,,,,,,,,,,,,,,
3.66,0.063,0.063,-0.998,0.039,4.753,4.792,,,,,,,,,,,,,,,,,,,
3.67,0.085,0.085,-0.996,0.07,4.717,4.787,,,,,,,,,,,,,,,,,,,
3.68,0.106,0.106,-0.994,0.111,4.672,4.783,,,,,,,,,,,,,,,,,,,
3.69,0.128,0.128,-0.992,0.16,4.618,4.778,,,,,,,,,,,,,,,,,,,
3.7,0.149,0.149,-0.989,0.218,4.555,4.773,,,,,,,,,,,,,,,,,,,
3.71,0.171,0.17,-0.985,0.285,4.484,4.769,,,,,,,,,,,,,,,,,,,
3.72,0.192,0.191,-0.982,0.359,4.405,4.764,,,,,,,,,,,,,,,,,,,
3.73,0.213,0.211,-0.977,0.442,4.318,4.76,,,,,,,,,,,,,,,,,,,
3.74,0.233,0.231,-0.973,0.531,4.225,4.756,,,,,,,,,,,,,,,,,,,
3.75,0.254,0.251,-0.968,0.628,4.124,4.752,,,,,,,,,,,,,,,,,,,
3.76,0.274,0.27,-0.963,0.731,4.016,4.748,,,,,,,,,,,,,,,,,,,
3.77,0.294,0.29,-0.957,0.84,3.903,4.744,,,,,,,,,,,,,,,,,,,
3.78,0.313,0.308,-0.951,0.955,3.784,4.74,,,,,,,,,,,,,,,,,,,
3.79,0.333,0.327,-0.945,1.076,3.661,4.736,,,,,,,,,,,,,,,,,,,
3.8,0.352,0.344,-0.939,1.2,3.532,4.732,,,,,,,,,,,,,,,,,,,
3.81,0.37,0.362,-0.932,1.329,3.4,4.729,,,,,,,,,,,,,,,,,,,
3.82,0.388,0.379,-0.925,1.462,3.264,4.726,,,,,,,,,,,,,,,,,,,
3.83,0.406,0.395,-0.919,1.598,3.125,4.722,,,,,,,,,,,,,,,,,,,
3.84,0.424,0.411,-0.912,1.736,2.983,4.719,,,,,,,,,,,,,,,,,,,
3.85,0.441,0.427,-0.904,1.876,2.84,4.716,,,,,,,,,,,,,,,,,,,
3.86,0.458,0.442,-0.897,2.018,2.696,4.714,,,,,,,,,,,,,,,,,,,
3.87,0.474,0.456,-0.89,2.161,2.55,4.711,,,,,,,,,,,,,,,,,,,
3.88,0.489,0.47,-0.883,2.304,2.405,4.709,,,,,,,,,,,,,,,,,,,
3.89,0.505,0.484,-0.875,2.447,2.26,4.706,,,,,,,,,,,,,,,,,,,
3.9,0.52,0.496,-0.868,2.589,2.115,4.704,,,,,,,,,,,,,,,,,,,
3.91,0.534,0.509,-0.861,2.73,1.972,4.702,,,,,,,,,,,,,,,,,,,
3.92,0.548,0.521,-0.854,2.869,1.831,4.7,,,,,,,,,,,,,,,,,,,
3.93,0.561,0.532,-0.847,3.006,1.692,4.698,,,,,,,,,,,,,,,,,,,
3.94,0.574,0.543,-0.84,3.14,1.556,4.697,,,,,,,,,,,,,,,,,,,
3.95,0.586,0.553,-0.833,3.272,1.424,4.695,,,,,,,,,,,,,,,,,,,
3.96,0.597,0.563,-0.827,3.399,1.295,4.694,,,,,,,,,,,,,,,,,,,
3.97,0.609,0.572,-0.82,3.523,1.17,4.693,,,,,,,,,,,,,,,,,,,
3.98,0.619,0.58,-0.814,3.642,1.05,4.692,,,,,,,,,,,,,,,,,,,
3.99,0.629,0.588,-0.809,3.756,0.935,4.691,,,,,,,,,,,,,,,,,,,
4,0.638,0.596,-0.803,3.865,0.825,4.69,,,,,,,,,,,,,,,,,,,
